[0.062s] DEBUG:colcon:Command line arguments: ['/home/students_steeringwheel/ros2_env/bin/colcon', 'build']
[0.062s] DEBUG:colcon:Parsed command line arguments: Namespace(log_base=None, log_level=None, verb_name='build', build_base='build', install_base='install', merge_install=False, symlink_install=False, test_result_base=None, continue_on_error=False, executor='parallel', parallel_workers=32, event_handlers=None, ignore_user_meta=False, metas=['./colcon.meta'], base_paths=['.'], packages_ignore=None, packages_ignore_regex=None, paths=None, packages_up_to=None, packages_up_to_regex=None, packages_above=None, packages_above_and_dependencies=None, packages_above_depth=None, packages_select_by_dep=None, packages_skip_by_dep=None, packages_skip_up_to=None, packages_select_build_failed=False, packages_skip_build_finished=False, packages_select_test_failures=False, packages_skip_test_passed=False, packages_select=None, packages_skip=None, packages_select_regex=None, packages_skip_regex=None, packages_start=None, packages_end=None, cmake_args=None, cmake_target=None, cmake_target_skip_unavailable=False, cmake_clean_cache=False, cmake_clean_first=False, cmake_force_configure=False, ament_cmake_args=None, catkin_cmake_args=None, catkin_skip_building_tests=False, verb_parser=<colcon_defaults.argument_parser.defaults.DefaultArgumentsDecorator object at 0x7ec382b26e90>, verb_extension=<colcon_core.verb.build.BuildVerb object at 0x7ec382b26980>, main=<bound method BuildVerb.main of <colcon_core.verb.build.BuildVerb object at 0x7ec382b26980>>)
[0.103s] Level 1:colcon.colcon_core.package_discovery:discover_packages(colcon_meta) check parameters
[0.103s] Level 1:colcon.colcon_core.package_discovery:discover_packages(recursive) check parameters
[0.103s] Level 1:colcon.colcon_core.package_discovery:discover_packages(ignore) check parameters
[0.103s] Level 1:colcon.colcon_core.package_discovery:discover_packages(path) check parameters
[0.103s] Level 1:colcon.colcon_core.package_discovery:discover_packages(colcon_meta) discover
[0.103s] Level 1:colcon.colcon_core.package_discovery:discover_packages(recursive) discover
[0.103s] INFO:colcon.colcon_core.package_discovery:Crawling recursively for packages in '/home/students_steeringwheel/Steeringwheel-Workspace/ros2_ws'
[0.103s] Level 1:colcon.colcon_core.package_identification:_identify(.) by extensions ['ignore', 'ignore_ament_install']
[0.103s] Level 1:colcon.colcon_core.package_identification:_identify(.) by extension 'ignore'
[0.103s] Level 1:colcon.colcon_core.package_identification:_identify(.) by extension 'ignore_ament_install'
[0.103s] Level 1:colcon.colcon_core.package_identification:_identify(.) by extensions ['colcon_pkg']
[0.103s] Level 1:colcon.colcon_core.package_identification:_identify(.) by extension 'colcon_pkg'
[0.103s] Level 1:colcon.colcon_core.package_identification:_identify(.) by extensions ['colcon_meta']
[0.103s] Level 1:colcon.colcon_core.package_identification:_identify(.) by extension 'colcon_meta'
[0.103s] Level 1:colcon.colcon_core.package_identification:_identify(.) by extensions ['ros']
[0.103s] Level 1:colcon.colcon_core.package_identification:_identify(.) by extension 'ros'
[0.115s] Level 1:colcon.colcon_core.package_identification:_identify(.) by extensions ['cmake', 'python']
[0.115s] Level 1:colcon.colcon_core.package_identification:_identify(.) by extension 'cmake'
[0.115s] Level 1:colcon.colcon_core.package_identification:_identify(.) by extension 'python'
[0.115s] Level 1:colcon.colcon_core.package_identification:_identify(.) by extensions ['python_setup_py']
[0.115s] Level 1:colcon.colcon_core.package_identification:_identify(.) by extension 'python_setup_py'
[0.115s] Level 1:colcon.colcon_core.package_identification:_identify(build) by extensions ['ignore', 'ignore_ament_install']
[0.115s] Level 1:colcon.colcon_core.package_identification:_identify(build) by extension 'ignore'
[0.115s] Level 1:colcon.colcon_core.package_identification:_identify(build) ignored
[0.115s] Level 1:colcon.colcon_core.package_identification:_identify(install) by extensions ['ignore', 'ignore_ament_install']
[0.115s] Level 1:colcon.colcon_core.package_identification:_identify(install) by extension 'ignore'
[0.115s] Level 1:colcon.colcon_core.package_identification:_identify(install) ignored
[0.115s] Level 1:colcon.colcon_core.package_identification:_identify(log) by extensions ['ignore', 'ignore_ament_install']
[0.115s] Level 1:colcon.colcon_core.package_identification:_identify(log) by extension 'ignore'
[0.115s] Level 1:colcon.colcon_core.package_identification:_identify(log) ignored
[0.115s] Level 1:colcon.colcon_core.package_identification:_identify(src) by extensions ['ignore', 'ignore_ament_install']
[0.115s] Level 1:colcon.colcon_core.package_identification:_identify(src) by extension 'ignore'
[0.115s] Level 1:colcon.colcon_core.package_identification:_identify(src) by extension 'ignore_ament_install'
[0.115s] Level 1:colcon.colcon_core.package_identification:_identify(src) by extensions ['colcon_pkg']
[0.115s] Level 1:colcon.colcon_core.package_identification:_identify(src) by extension 'colcon_pkg'
[0.115s] Level 1:colcon.colcon_core.package_identification:_identify(src) by extensions ['colcon_meta']
[0.115s] Level 1:colcon.colcon_core.package_identification:_identify(src) by extension 'colcon_meta'
[0.115s] Level 1:colcon.colcon_core.package_identification:_identify(src) by extensions ['ros']
[0.115s] Level 1:colcon.colcon_core.package_identification:_identify(src) by extension 'ros'
[0.115s] Level 1:colcon.colcon_core.package_identification:_identify(src) by extensions ['cmake', 'python']
[0.115s] Level 1:colcon.colcon_core.package_identification:_identify(src) by extension 'cmake'
[0.115s] Level 1:colcon.colcon_core.package_identification:_identify(src) by extension 'python'
[0.115s] Level 1:colcon.colcon_core.package_identification:_identify(src) by extensions ['python_setup_py']
[0.115s] Level 1:colcon.colcon_core.package_identification:_identify(src) by extension 'python_setup_py'
[0.115s] Level 1:colcon.colcon_core.package_identification:_identify(src/g29_isaac_bridge) by extensions ['ignore', 'ignore_ament_install']
[0.115s] Level 1:colcon.colcon_core.package_identification:_identify(src/g29_isaac_bridge) by extension 'ignore'
[0.115s] Level 1:colcon.colcon_core.package_identification:_identify(src/g29_isaac_bridge) by extension 'ignore_ament_install'
[0.115s] Level 1:colcon.colcon_core.package_identification:_identify(src/g29_isaac_bridge) by extensions ['colcon_pkg']
[0.115s] Level 1:colcon.colcon_core.package_identification:_identify(src/g29_isaac_bridge) by extension 'colcon_pkg'
[0.115s] Level 1:colcon.colcon_core.package_identification:_identify(src/g29_isaac_bridge) by extensions ['colcon_meta']
[0.115s] Level 1:colcon.colcon_core.package_identification:_identify(src/g29_isaac_bridge) by extension 'colcon_meta'
[0.115s] Level 1:colcon.colcon_core.package_identification:_identify(src/g29_isaac_bridge) by extensions ['ros']
[0.115s] Level 1:colcon.colcon_core.package_identification:_identify(src/g29_isaac_bridge) by extension 'ros'
[0.117s] DEBUG:colcon.colcon_core.package_identification:Package 'src/g29_isaac_bridge' with type 'ros.ament_python' and name 'g29_isaac_bridge'
[0.117s] Level 1:colcon.colcon_core.package_identification:_identify(src/piper_ros) by extensions ['ignore', 'ignore_ament_install']
[0.117s] Level 1:colcon.colcon_core.package_identification:_identify(src/piper_ros) by extension 'ignore'
[0.117s] Level 1:colcon.colcon_core.package_identification:_identify(src/piper_ros) by extension 'ignore_ament_install'
[0.117s] Level 1:colcon.colcon_core.package_identification:_identify(src/piper_ros) by extensions ['colcon_pkg']
[0.117s] Level 1:colcon.colcon_core.package_identification:_identify(src/piper_ros) by extension 'colcon_pkg'
[0.117s] Level 1:colcon.colcon_core.package_identification:_identify(src/piper_ros) by extensions ['colcon_meta']
[0.117s] Level 1:colcon.colcon_core.package_identification:_identify(src/piper_ros) by extension 'colcon_meta'
[0.117s] Level 1:colcon.colcon_core.package_identification:_identify(src/piper_ros) by extensions ['ros']
[0.117s] Level 1:colcon.colcon_core.package_identification:_identify(src/piper_ros) by extension 'ros'
[0.117s] Level 1:colcon.colcon_core.package_identification:_identify(src/piper_ros) by extensions ['cmake', 'python']
[0.117s] Level 1:colcon.colcon_core.package_identification:_identify(src/piper_ros) by extension 'cmake'
[0.117s] Level 1:colcon.colcon_core.package_identification:_identify(src/piper_ros) by extension 'python'
[0.117s] Level 1:colcon.colcon_core.package_identification:_identify(src/piper_ros) by extensions ['python_setup_py']
[0.117s] Level 1:colcon.colcon_core.package_identification:_identify(src/piper_ros) by extension 'python_setup_py'
[0.117s] Level 1:colcon.colcon_core.package_identification:_identify(src/piper_ros/asserts) by extensions ['ignore', 'ignore_ament_install']
[0.117s] Level 1:colcon.colcon_core.package_identification:_identify(src/piper_ros/asserts) by extension 'ignore'
[0.117s] Level 1:colcon.colcon_core.package_identification:_identify(src/piper_ros/asserts) by extension 'ignore_ament_install'
[0.117s] Level 1:colcon.colcon_core.package_identification:_identify(src/piper_ros/asserts) by extensions ['colcon_pkg']
[0.117s] Level 1:colcon.colcon_core.package_identification:_identify(src/piper_ros/asserts) by extension 'colcon_pkg'
[0.117s] Level 1:colcon.colcon_core.package_identification:_identify(src/piper_ros/asserts) by extensions ['colcon_meta']
[0.117s] Level 1:colcon.colcon_core.package_identification:_identify(src/piper_ros/asserts) by extension 'colcon_meta'
[0.117s] Level 1:colcon.colcon_core.package_identification:_identify(src/piper_ros/asserts) by extensions ['ros']
[0.117s] Level 1:colcon.colcon_core.package_identification:_identify(src/piper_ros/asserts) by extension 'ros'
[0.117s] Level 1:colcon.colcon_core.package_identification:_identify(src/piper_ros/asserts) by extensions ['cmake', 'python']
[0.117s] Level 1:colcon.colcon_core.package_identification:_identify(src/piper_ros/asserts) by extension 'cmake'
[0.117s] Level 1:colcon.colcon_core.package_identification:_identify(src/piper_ros/asserts) by extension 'python'
[0.117s] Level 1:colcon.colcon_core.package_identification:_identify(src/piper_ros/asserts) by extensions ['python_setup_py']
[0.117s] Level 1:colcon.colcon_core.package_identification:_identify(src/piper_ros/asserts) by extension 'python_setup_py'
[0.117s] Level 1:colcon.colcon_core.package_identification:_identify(src/piper_ros/asserts/pictures) by extensions ['ignore', 'ignore_ament_install']
[0.117s] Level 1:colcon.colcon_core.package_identification:_identify(src/piper_ros/asserts/pictures) by extension 'ignore'
[0.117s] Level 1:colcon.colcon_core.package_identification:_identify(src/piper_ros/asserts/pictures) by extension 'ignore_ament_install'
[0.117s] Level 1:colcon.colcon_core.package_identification:_identify(src/piper_ros/asserts/pictures) by extensions ['colcon_pkg']
[0.117s] Level 1:colcon.colcon_core.package_identification:_identify(src/piper_ros/asserts/pictures) by extension 'colcon_pkg'
[0.117s] Level 1:colcon.colcon_core.package_identification:_identify(src/piper_ros/asserts/pictures) by extensions ['colcon_meta']
[0.117s] Level 1:colcon.colcon_core.package_identification:_identify(src/piper_ros/asserts/pictures) by extension 'colcon_meta'
[0.117s] Level 1:colcon.colcon_core.package_identification:_identify(src/piper_ros/asserts/pictures) by extensions ['ros']
[0.117s] Level 1:colcon.colcon_core.package_identification:_identify(src/piper_ros/asserts/pictures) by extension 'ros'
[0.117s] Level 1:colcon.colcon_core.package_identification:_identify(src/piper_ros/asserts/pictures) by extensions ['cmake', 'python']
[0.117s] Level 1:colcon.colcon_core.package_identification:_identify(src/piper_ros/asserts/pictures) by extension 'cmake'
[0.117s] Level 1:colcon.colcon_core.package_identification:_identify(src/piper_ros/asserts/pictures) by extension 'python'
[0.117s] Level 1:colcon.colcon_core.package_identification:_identify(src/piper_ros/asserts/pictures) by extensions ['python_setup_py']
[0.117s] Level 1:colcon.colcon_core.package_identification:_identify(src/piper_ros/asserts/pictures) by extension 'python_setup_py'
[0.117s] Level 1:colcon.colcon_core.package_identification:_identify(src/piper_ros/src) by extensions ['ignore', 'ignore_ament_install']
[0.117s] Level 1:colcon.colcon_core.package_identification:_identify(src/piper_ros/src) by extension 'ignore'
[0.117s] Level 1:colcon.colcon_core.package_identification:_identify(src/piper_ros/src) by extension 'ignore_ament_install'
[0.117s] Level 1:colcon.colcon_core.package_identification:_identify(src/piper_ros/src) by extensions ['colcon_pkg']
[0.117s] Level 1:colcon.colcon_core.package_identification:_identify(src/piper_ros/src) by extension 'colcon_pkg'
[0.117s] Level 1:colcon.colcon_core.package_identification:_identify(src/piper_ros/src) by extensions ['colcon_meta']
[0.117s] Level 1:colcon.colcon_core.package_identification:_identify(src/piper_ros/src) by extension 'colcon_meta'
[0.117s] Level 1:colcon.colcon_core.package_identification:_identify(src/piper_ros/src) by extensions ['ros']
[0.117s] Level 1:colcon.colcon_core.package_identification:_identify(src/piper_ros/src) by extension 'ros'
[0.117s] Level 1:colcon.colcon_core.package_identification:_identify(src/piper_ros/src) by extensions ['cmake', 'python']
[0.117s] Level 1:colcon.colcon_core.package_identification:_identify(src/piper_ros/src) by extension 'cmake'
[0.117s] Level 1:colcon.colcon_core.package_identification:_identify(src/piper_ros/src) by extension 'python'
[0.118s] Level 1:colcon.colcon_core.package_identification:_identify(src/piper_ros/src) by extensions ['python_setup_py']
[0.118s] Level 1:colcon.colcon_core.package_identification:_identify(src/piper_ros/src) by extension 'python_setup_py'
[0.118s] Level 1:colcon.colcon_core.package_identification:_identify(src/piper_ros/src/piper) by extensions ['ignore', 'ignore_ament_install']
[0.118s] Level 1:colcon.colcon_core.package_identification:_identify(src/piper_ros/src/piper) by extension 'ignore'
[0.118s] Level 1:colcon.colcon_core.package_identification:_identify(src/piper_ros/src/piper) by extension 'ignore_ament_install'
[0.118s] Level 1:colcon.colcon_core.package_identification:_identify(src/piper_ros/src/piper) by extensions ['colcon_pkg']
[0.118s] Level 1:colcon.colcon_core.package_identification:_identify(src/piper_ros/src/piper) by extension 'colcon_pkg'
[0.118s] Level 1:colcon.colcon_core.package_identification:_identify(src/piper_ros/src/piper) by extensions ['colcon_meta']
[0.118s] Level 1:colcon.colcon_core.package_identification:_identify(src/piper_ros/src/piper) by extension 'colcon_meta'
[0.118s] Level 1:colcon.colcon_core.package_identification:_identify(src/piper_ros/src/piper) by extensions ['ros']
[0.118s] Level 1:colcon.colcon_core.package_identification:_identify(src/piper_ros/src/piper) by extension 'ros'
[0.118s] DEBUG:colcon.colcon_core.package_identification:Package 'src/piper_ros/src/piper' with type 'ros.ament_python' and name 'piper'
[0.118s] Level 1:colcon.colcon_core.package_identification:_identify(src/piper_ros/src/piper_description) by extensions ['ignore', 'ignore_ament_install']
[0.118s] Level 1:colcon.colcon_core.package_identification:_identify(src/piper_ros/src/piper_description) by extension 'ignore'
[0.118s] Level 1:colcon.colcon_core.package_identification:_identify(src/piper_ros/src/piper_description) by extension 'ignore_ament_install'
[0.118s] Level 1:colcon.colcon_core.package_identification:_identify(src/piper_ros/src/piper_description) by extensions ['colcon_pkg']
[0.118s] Level 1:colcon.colcon_core.package_identification:_identify(src/piper_ros/src/piper_description) by extension 'colcon_pkg'
[0.118s] Level 1:colcon.colcon_core.package_identification:_identify(src/piper_ros/src/piper_description) by extensions ['colcon_meta']
[0.118s] Level 1:colcon.colcon_core.package_identification:_identify(src/piper_ros/src/piper_description) by extension 'colcon_meta'
[0.118s] Level 1:colcon.colcon_core.package_identification:_identify(src/piper_ros/src/piper_description) by extensions ['ros']
[0.118s] Level 1:colcon.colcon_core.package_identification:_identify(src/piper_ros/src/piper_description) by extension 'ros'
[0.118s] DEBUG:colcon.colcon_core.package_identification:Package 'src/piper_ros/src/piper_description' with type 'ros.ament_cmake' and name 'piper_description'
[0.118s] Level 1:colcon.colcon_core.package_identification:_identify(src/piper_ros/src/piper_humble) by extensions ['ignore', 'ignore_ament_install']
[0.118s] Level 1:colcon.colcon_core.package_identification:_identify(src/piper_ros/src/piper_humble) by extension 'ignore'
[0.118s] Level 1:colcon.colcon_core.package_identification:_identify(src/piper_ros/src/piper_humble) by extension 'ignore_ament_install'
[0.118s] Level 1:colcon.colcon_core.package_identification:_identify(src/piper_ros/src/piper_humble) by extensions ['colcon_pkg']
[0.118s] Level 1:colcon.colcon_core.package_identification:_identify(src/piper_ros/src/piper_humble) by extension 'colcon_pkg'
[0.119s] Level 1:colcon.colcon_core.package_identification:_identify(src/piper_ros/src/piper_humble) by extensions ['colcon_meta']
[0.119s] Level 1:colcon.colcon_core.package_identification:_identify(src/piper_ros/src/piper_humble) by extension 'colcon_meta'
[0.119s] Level 1:colcon.colcon_core.package_identification:_identify(src/piper_ros/src/piper_humble) by extensions ['ros']
[0.119s] Level 1:colcon.colcon_core.package_identification:_identify(src/piper_ros/src/piper_humble) by extension 'ros'
[0.119s] DEBUG:colcon.colcon_core.package_identification:Package 'src/piper_ros/src/piper_humble' with type 'ros.ament_cmake' and name 'piper_humble'
[0.119s] Level 1:colcon.colcon_core.package_identification:_identify(src/piper_ros/src/piper_moveit) by extensions ['ignore', 'ignore_ament_install']
[0.119s] Level 1:colcon.colcon_core.package_identification:_identify(src/piper_ros/src/piper_moveit) by extension 'ignore'
[0.119s] Level 1:colcon.colcon_core.package_identification:_identify(src/piper_ros/src/piper_moveit) by extension 'ignore_ament_install'
[0.119s] Level 1:colcon.colcon_core.package_identification:_identify(src/piper_ros/src/piper_moveit) by extensions ['colcon_pkg']
[0.119s] Level 1:colcon.colcon_core.package_identification:_identify(src/piper_ros/src/piper_moveit) by extension 'colcon_pkg'
[0.119s] Level 1:colcon.colcon_core.package_identification:_identify(src/piper_ros/src/piper_moveit) by extensions ['colcon_meta']
[0.119s] Level 1:colcon.colcon_core.package_identification:_identify(src/piper_ros/src/piper_moveit) by extension 'colcon_meta'
[0.119s] Level 1:colcon.colcon_core.package_identification:_identify(src/piper_ros/src/piper_moveit) by extensions ['ros']
[0.119s] Level 1:colcon.colcon_core.package_identification:_identify(src/piper_ros/src/piper_moveit) by extension 'ros'
[0.119s] Level 1:colcon.colcon_core.package_identification:_identify(src/piper_ros/src/piper_moveit) by extensions ['cmake', 'python']
[0.119s] Level 1:colcon.colcon_core.package_identification:_identify(src/piper_ros/src/piper_moveit) by extension 'cmake'
[0.119s] Level 1:colcon.colcon_core.package_identification:_identify(src/piper_ros/src/piper_moveit) by extension 'python'
[0.119s] Level 1:colcon.colcon_core.package_identification:_identify(src/piper_ros/src/piper_moveit) by extensions ['python_setup_py']
[0.119s] Level 1:colcon.colcon_core.package_identification:_identify(src/piper_ros/src/piper_moveit) by extension 'python_setup_py'
[0.119s] Level 1:colcon.colcon_core.package_identification:_identify(src/piper_ros/src/piper_moveit/piper_no_gripper_moveit) by extensions ['ignore', 'ignore_ament_install']
[0.119s] Level 1:colcon.colcon_core.package_identification:_identify(src/piper_ros/src/piper_moveit/piper_no_gripper_moveit) by extension 'ignore'
[0.119s] Level 1:colcon.colcon_core.package_identification:_identify(src/piper_ros/src/piper_moveit/piper_no_gripper_moveit) by extension 'ignore_ament_install'
[0.119s] Level 1:colcon.colcon_core.package_identification:_identify(src/piper_ros/src/piper_moveit/piper_no_gripper_moveit) by extensions ['colcon_pkg']
[0.119s] Level 1:colcon.colcon_core.package_identification:_identify(src/piper_ros/src/piper_moveit/piper_no_gripper_moveit) by extension 'colcon_pkg'
[0.119s] Level 1:colcon.colcon_core.package_identification:_identify(src/piper_ros/src/piper_moveit/piper_no_gripper_moveit) by extensions ['colcon_meta']
[0.119s] Level 1:colcon.colcon_core.package_identification:_identify(src/piper_ros/src/piper_moveit/piper_no_gripper_moveit) by extension 'colcon_meta'
[0.119s] Level 1:colcon.colcon_core.package_identification:_identify(src/piper_ros/src/piper_moveit/piper_no_gripper_moveit) by extensions ['ros']
[0.119s] Level 1:colcon.colcon_core.package_identification:_identify(src/piper_ros/src/piper_moveit/piper_no_gripper_moveit) by extension 'ros'
[0.120s] DEBUG:colcon.colcon_core.package_identification:Package 'src/piper_ros/src/piper_moveit/piper_no_gripper_moveit' with type 'ros.ament_cmake' and name 'piper_no_gripper_moveit'
[0.120s] Level 1:colcon.colcon_core.package_identification:_identify(src/piper_ros/src/piper_moveit/piper_with_gripper_moveit) by extensions ['ignore', 'ignore_ament_install']
[0.120s] Level 1:colcon.colcon_core.package_identification:_identify(src/piper_ros/src/piper_moveit/piper_with_gripper_moveit) by extension 'ignore'
[0.120s] Level 1:colcon.colcon_core.package_identification:_identify(src/piper_ros/src/piper_moveit/piper_with_gripper_moveit) by extension 'ignore_ament_install'
[0.120s] Level 1:colcon.colcon_core.package_identification:_identify(src/piper_ros/src/piper_moveit/piper_with_gripper_moveit) by extensions ['colcon_pkg']
[0.120s] Level 1:colcon.colcon_core.package_identification:_identify(src/piper_ros/src/piper_moveit/piper_with_gripper_moveit) by extension 'colcon_pkg'
[0.120s] Level 1:colcon.colcon_core.package_identification:_identify(src/piper_ros/src/piper_moveit/piper_with_gripper_moveit) by extensions ['colcon_meta']
[0.120s] Level 1:colcon.colcon_core.package_identification:_identify(src/piper_ros/src/piper_moveit/piper_with_gripper_moveit) by extension 'colcon_meta'
[0.120s] Level 1:colcon.colcon_core.package_identification:_identify(src/piper_ros/src/piper_moveit/piper_with_gripper_moveit) by extensions ['ros']
[0.120s] Level 1:colcon.colcon_core.package_identification:_identify(src/piper_ros/src/piper_moveit/piper_with_gripper_moveit) by extension 'ros'
[0.120s] DEBUG:colcon.colcon_core.package_identification:Package 'src/piper_ros/src/piper_moveit/piper_with_gripper_moveit' with type 'ros.ament_cmake' and name 'piper_with_gripper_moveit'
[0.120s] Level 1:colcon.colcon_core.package_identification:_identify(src/piper_ros/src/piper_msgs) by extensions ['ignore', 'ignore_ament_install']
[0.120s] Level 1:colcon.colcon_core.package_identification:_identify(src/piper_ros/src/piper_msgs) by extension 'ignore'
[0.120s] Level 1:colcon.colcon_core.package_identification:_identify(src/piper_ros/src/piper_msgs) by extension 'ignore_ament_install'
[0.120s] Level 1:colcon.colcon_core.package_identification:_identify(src/piper_ros/src/piper_msgs) by extensions ['colcon_pkg']
[0.120s] Level 1:colcon.colcon_core.package_identification:_identify(src/piper_ros/src/piper_msgs) by extension 'colcon_pkg'
[0.120s] Level 1:colcon.colcon_core.package_identification:_identify(src/piper_ros/src/piper_msgs) by extensions ['colcon_meta']
[0.120s] Level 1:colcon.colcon_core.package_identification:_identify(src/piper_ros/src/piper_msgs) by extension 'colcon_meta'
[0.120s] Level 1:colcon.colcon_core.package_identification:_identify(src/piper_ros/src/piper_msgs) by extensions ['ros']
[0.120s] Level 1:colcon.colcon_core.package_identification:_identify(src/piper_ros/src/piper_msgs) by extension 'ros'
[0.121s] DEBUG:colcon.colcon_core.package_identification:Package 'src/piper_ros/src/piper_msgs' with type 'ros.ament_cmake' and name 'piper_msgs'
[0.121s] Level 1:colcon.colcon_core.package_identification:_identify(src/piper_ros/src/piper_sim) by extensions ['ignore', 'ignore_ament_install']
[0.121s] Level 1:colcon.colcon_core.package_identification:_identify(src/piper_ros/src/piper_sim) by extension 'ignore'
[0.121s] Level 1:colcon.colcon_core.package_identification:_identify(src/piper_ros/src/piper_sim) by extension 'ignore_ament_install'
[0.121s] Level 1:colcon.colcon_core.package_identification:_identify(src/piper_ros/src/piper_sim) by extensions ['colcon_pkg']
[0.121s] Level 1:colcon.colcon_core.package_identification:_identify(src/piper_ros/src/piper_sim) by extension 'colcon_pkg'
[0.121s] Level 1:colcon.colcon_core.package_identification:_identify(src/piper_ros/src/piper_sim) by extensions ['colcon_meta']
[0.121s] Level 1:colcon.colcon_core.package_identification:_identify(src/piper_ros/src/piper_sim) by extension 'colcon_meta'
[0.121s] Level 1:colcon.colcon_core.package_identification:_identify(src/piper_ros/src/piper_sim) by extensions ['ros']
[0.121s] Level 1:colcon.colcon_core.package_identification:_identify(src/piper_ros/src/piper_sim) by extension 'ros'
[0.121s] Level 1:colcon.colcon_core.package_identification:_identify(src/piper_ros/src/piper_sim) by extensions ['cmake', 'python']
[0.121s] Level 1:colcon.colcon_core.package_identification:_identify(src/piper_ros/src/piper_sim) by extension 'cmake'
[0.121s] Level 1:colcon.colcon_core.package_identification:_identify(src/piper_ros/src/piper_sim) by extension 'python'
[0.121s] Level 1:colcon.colcon_core.package_identification:_identify(src/piper_ros/src/piper_sim) by extensions ['python_setup_py']
[0.121s] Level 1:colcon.colcon_core.package_identification:_identify(src/piper_ros/src/piper_sim) by extension 'python_setup_py'
[0.121s] Level 1:colcon.colcon_core.package_identification:_identify(src/piper_ros/src/piper_sim/piper_gazebo) by extensions ['ignore', 'ignore_ament_install']
[0.121s] Level 1:colcon.colcon_core.package_identification:_identify(src/piper_ros/src/piper_sim/piper_gazebo) by extension 'ignore'
[0.121s] Level 1:colcon.colcon_core.package_identification:_identify(src/piper_ros/src/piper_sim/piper_gazebo) by extension 'ignore_ament_install'
[0.121s] Level 1:colcon.colcon_core.package_identification:_identify(src/piper_ros/src/piper_sim/piper_gazebo) by extensions ['colcon_pkg']
[0.121s] Level 1:colcon.colcon_core.package_identification:_identify(src/piper_ros/src/piper_sim/piper_gazebo) by extension 'colcon_pkg'
[0.121s] Level 1:colcon.colcon_core.package_identification:_identify(src/piper_ros/src/piper_sim/piper_gazebo) by extensions ['colcon_meta']
[0.121s] Level 1:colcon.colcon_core.package_identification:_identify(src/piper_ros/src/piper_sim/piper_gazebo) by extension 'colcon_meta'
[0.121s] Level 1:colcon.colcon_core.package_identification:_identify(src/piper_ros/src/piper_sim/piper_gazebo) by extensions ['ros']
[0.121s] Level 1:colcon.colcon_core.package_identification:_identify(src/piper_ros/src/piper_sim/piper_gazebo) by extension 'ros'
[0.121s] DEBUG:colcon.colcon_core.package_identification:Package 'src/piper_ros/src/piper_sim/piper_gazebo' with type 'ros.ament_cmake' and name 'piper_gazebo'
[0.121s] Level 1:colcon.colcon_core.package_identification:_identify(src/piper_ros/src/piper_sim/piper_mujoco) by extensions ['ignore', 'ignore_ament_install']
[0.121s] Level 1:colcon.colcon_core.package_identification:_identify(src/piper_ros/src/piper_sim/piper_mujoco) by extension 'ignore'
[0.121s] Level 1:colcon.colcon_core.package_identification:_identify(src/piper_ros/src/piper_sim/piper_mujoco) by extension 'ignore_ament_install'
[0.121s] Level 1:colcon.colcon_core.package_identification:_identify(src/piper_ros/src/piper_sim/piper_mujoco) by extensions ['colcon_pkg']
[0.121s] Level 1:colcon.colcon_core.package_identification:_identify(src/piper_ros/src/piper_sim/piper_mujoco) by extension 'colcon_pkg'
[0.121s] Level 1:colcon.colcon_core.package_identification:_identify(src/piper_ros/src/piper_sim/piper_mujoco) by extensions ['colcon_meta']
[0.121s] Level 1:colcon.colcon_core.package_identification:_identify(src/piper_ros/src/piper_sim/piper_mujoco) by extension 'colcon_meta'
[0.121s] Level 1:colcon.colcon_core.package_identification:_identify(src/piper_ros/src/piper_sim/piper_mujoco) by extensions ['ros']
[0.121s] Level 1:colcon.colcon_core.package_identification:_identify(src/piper_ros/src/piper_sim/piper_mujoco) by extension 'ros'
[0.122s] DEBUG:colcon.colcon_core.package_identification:Package 'src/piper_ros/src/piper_sim/piper_mujoco' with type 'ros.ament_cmake' and name 'piper_mujoco'
[0.122s] Level 1:colcon.colcon_core.package_discovery:discover_packages(recursive) using defaults
[0.122s] Level 1:colcon.colcon_core.package_discovery:discover_packages(ignore) discover
[0.122s] Level 1:colcon.colcon_core.package_discovery:discover_packages(ignore) using defaults
[0.122s] Level 1:colcon.colcon_core.package_discovery:discover_packages(path) discover
[0.122s] Level 1:colcon.colcon_core.package_discovery:discover_packages(path) using defaults
[0.132s] Level 5:colcon.colcon_core.verb:set package 'g29_isaac_bridge' build argument 'cmake_args' from command line to 'None'
[0.132s] Level 5:colcon.colcon_core.verb:set package 'g29_isaac_bridge' build argument 'cmake_target' from command line to 'None'
[0.132s] Level 5:colcon.colcon_core.verb:set package 'g29_isaac_bridge' build argument 'cmake_target_skip_unavailable' from command line to 'False'
[0.132s] Level 5:colcon.colcon_core.verb:set package 'g29_isaac_bridge' build argument 'cmake_clean_cache' from command line to 'False'
[0.132s] Level 5:colcon.colcon_core.verb:set package 'g29_isaac_bridge' build argument 'cmake_clean_first' from command line to 'False'
[0.132s] Level 5:colcon.colcon_core.verb:set package 'g29_isaac_bridge' build argument 'cmake_force_configure' from command line to 'False'
[0.132s] Level 5:colcon.colcon_core.verb:set package 'g29_isaac_bridge' build argument 'ament_cmake_args' from command line to 'None'
[0.132s] Level 5:colcon.colcon_core.verb:set package 'g29_isaac_bridge' build argument 'catkin_cmake_args' from command line to 'None'
[0.132s] Level 5:colcon.colcon_core.verb:set package 'g29_isaac_bridge' build argument 'catkin_skip_building_tests' from command line to 'False'
[0.132s] DEBUG:colcon.colcon_core.verb:Building package 'g29_isaac_bridge' with the following arguments: {'ament_cmake_args': None, 'build_base': '/home/students_steeringwheel/Steeringwheel-Workspace/ros2_ws/build/g29_isaac_bridge', 'catkin_cmake_args': None, 'catkin_skip_building_tests': False, 'cmake_args': None, 'cmake_clean_cache': False, 'cmake_clean_first': False, 'cmake_force_configure': False, 'cmake_target': None, 'cmake_target_skip_unavailable': False, 'install_base': '/home/students_steeringwheel/Steeringwheel-Workspace/ros2_ws/install/g29_isaac_bridge', 'merge_install': False, 'path': '/home/students_steeringwheel/Steeringwheel-Workspace/ros2_ws/src/g29_isaac_bridge', 'symlink_install': False, 'test_result_base': None}
[0.132s] Level 5:colcon.colcon_core.verb:set package 'piper' build argument 'cmake_args' from command line to 'None'
[0.132s] Level 5:colcon.colcon_core.verb:set package 'piper' build argument 'cmake_target' from command line to 'None'
[0.132s] Level 5:colcon.colcon_core.verb:set package 'piper' build argument 'cmake_target_skip_unavailable' from command line to 'False'
[0.132s] Level 5:colcon.colcon_core.verb:set package 'piper' build argument 'cmake_clean_cache' from command line to 'False'
[0.132s] Level 5:colcon.colcon_core.verb:set package 'piper' build argument 'cmake_clean_first' from command line to 'False'
[0.132s] Level 5:colcon.colcon_core.verb:set package 'piper' build argument 'cmake_force_configure' from command line to 'False'
[0.132s] Level 5:colcon.colcon_core.verb:set package 'piper' build argument 'ament_cmake_args' from command line to 'None'
[0.132s] Level 5:colcon.colcon_core.verb:set package 'piper' build argument 'catkin_cmake_args' from command line to 'None'
[0.132s] Level 5:colcon.colcon_core.verb:set package 'piper' build argument 'catkin_skip_building_tests' from command line to 'False'
[0.132s] DEBUG:colcon.colcon_core.verb:Building package 'piper' with the following arguments: {'ament_cmake_args': None, 'build_base': '/home/students_steeringwheel/Steeringwheel-Workspace/ros2_ws/build/piper', 'catkin_cmake_args': None, 'catkin_skip_building_tests': False, 'cmake_args': None, 'cmake_clean_cache': False, 'cmake_clean_first': False, 'cmake_force_configure': False, 'cmake_target': None, 'cmake_target_skip_unavailable': False, 'install_base': '/home/students_steeringwheel/Steeringwheel-Workspace/ros2_ws/install/piper', 'merge_install': False, 'path': '/home/students_steeringwheel/Steeringwheel-Workspace/ros2_ws/src/piper_ros/src/piper', 'symlink_install': False, 'test_result_base': None}
[0.132s] Level 5:colcon.colcon_core.verb:set package 'piper_description' build argument 'cmake_args' from command line to 'None'
[0.132s] Level 5:colcon.colcon_core.verb:set package 'piper_description' build argument 'cmake_target' from command line to 'None'
[0.132s] Level 5:colcon.colcon_core.verb:set package 'piper_description' build argument 'cmake_target_skip_unavailable' from command line to 'False'
[0.133s] Level 5:colcon.colcon_core.verb:set package 'piper_description' build argument 'cmake_clean_cache' from command line to 'False'
[0.133s] Level 5:colcon.colcon_core.verb:set package 'piper_description' build argument 'cmake_clean_first' from command line to 'False'
[0.133s] Level 5:colcon.colcon_core.verb:set package 'piper_description' build argument 'cmake_force_configure' from command line to 'False'
[0.133s] Level 5:colcon.colcon_core.verb:set package 'piper_description' build argument 'ament_cmake_args' from command line to 'None'
[0.133s] Level 5:colcon.colcon_core.verb:set package 'piper_description' build argument 'catkin_cmake_args' from command line to 'None'
[0.133s] Level 5:colcon.colcon_core.verb:set package 'piper_description' build argument 'catkin_skip_building_tests' from command line to 'False'
[0.133s] DEBUG:colcon.colcon_core.verb:Building package 'piper_description' with the following arguments: {'ament_cmake_args': None, 'build_base': '/home/students_steeringwheel/Steeringwheel-Workspace/ros2_ws/build/piper_description', 'catkin_cmake_args': None, 'catkin_skip_building_tests': False, 'cmake_args': None, 'cmake_clean_cache': False, 'cmake_clean_first': False, 'cmake_force_configure': False, 'cmake_target': None, 'cmake_target_skip_unavailable': False, 'install_base': '/home/students_steeringwheel/Steeringwheel-Workspace/ros2_ws/install/piper_description', 'merge_install': False, 'path': '/home/students_steeringwheel/Steeringwheel-Workspace/ros2_ws/src/piper_ros/src/piper_description', 'symlink_install': False, 'test_result_base': None}
[0.133s] Level 5:colcon.colcon_core.verb:set package 'piper_gazebo' build argument 'cmake_args' from command line to 'None'
[0.133s] Level 5:colcon.colcon_core.verb:set package 'piper_gazebo' build argument 'cmake_target' from command line to 'None'
[0.133s] Level 5:colcon.colcon_core.verb:set package 'piper_gazebo' build argument 'cmake_target_skip_unavailable' from command line to 'False'
[0.133s] Level 5:colcon.colcon_core.verb:set package 'piper_gazebo' build argument 'cmake_clean_cache' from command line to 'False'
[0.133s] Level 5:colcon.colcon_core.verb:set package 'piper_gazebo' build argument 'cmake_clean_first' from command line to 'False'
[0.133s] Level 5:colcon.colcon_core.verb:set package 'piper_gazebo' build argument 'cmake_force_configure' from command line to 'False'
[0.133s] Level 5:colcon.colcon_core.verb:set package 'piper_gazebo' build argument 'ament_cmake_args' from command line to 'None'
[0.133s] Level 5:colcon.colcon_core.verb:set package 'piper_gazebo' build argument 'catkin_cmake_args' from command line to 'None'
[0.133s] Level 5:colcon.colcon_core.verb:set package 'piper_gazebo' build argument 'catkin_skip_building_tests' from command line to 'False'
[0.133s] DEBUG:colcon.colcon_core.verb:Building package 'piper_gazebo' with the following arguments: {'ament_cmake_args': None, 'build_base': '/home/students_steeringwheel/Steeringwheel-Workspace/ros2_ws/build/piper_gazebo', 'catkin_cmake_args': None, 'catkin_skip_building_tests': False, 'cmake_args': None, 'cmake_clean_cache': False, 'cmake_clean_first': False, 'cmake_force_configure': False, 'cmake_target': None, 'cmake_target_skip_unavailable': False, 'install_base': '/home/students_steeringwheel/Steeringwheel-Workspace/ros2_ws/install/piper_gazebo', 'merge_install': False, 'path': '/home/students_steeringwheel/Steeringwheel-Workspace/ros2_ws/src/piper_ros/src/piper_sim/piper_gazebo', 'symlink_install': False, 'test_result_base': None}
[0.133s] Level 5:colcon.colcon_core.verb:set package 'piper_humble' build argument 'cmake_args' from command line to 'None'
[0.133s] Level 5:colcon.colcon_core.verb:set package 'piper_humble' build argument 'cmake_target' from command line to 'None'
[0.133s] Level 5:colcon.colcon_core.verb:set package 'piper_humble' build argument 'cmake_target_skip_unavailable' from command line to 'False'
[0.133s] Level 5:colcon.colcon_core.verb:set package 'piper_humble' build argument 'cmake_clean_cache' from command line to 'False'
[0.133s] Level 5:colcon.colcon_core.verb:set package 'piper_humble' build argument 'cmake_clean_first' from command line to 'False'
[0.133s] Level 5:colcon.colcon_core.verb:set package 'piper_humble' build argument 'cmake_force_configure' from command line to 'False'
[0.133s] Level 5:colcon.colcon_core.verb:set package 'piper_humble' build argument 'ament_cmake_args' from command line to 'None'
[0.133s] Level 5:colcon.colcon_core.verb:set package 'piper_humble' build argument 'catkin_cmake_args' from command line to 'None'
[0.133s] Level 5:colcon.colcon_core.verb:set package 'piper_humble' build argument 'catkin_skip_building_tests' from command line to 'False'
[0.133s] DEBUG:colcon.colcon_core.verb:Building package 'piper_humble' with the following arguments: {'ament_cmake_args': None, 'build_base': '/home/students_steeringwheel/Steeringwheel-Workspace/ros2_ws/build/piper_humble', 'catkin_cmake_args': None, 'catkin_skip_building_tests': False, 'cmake_args': None, 'cmake_clean_cache': False, 'cmake_clean_first': False, 'cmake_force_configure': False, 'cmake_target': None, 'cmake_target_skip_unavailable': False, 'install_base': '/home/students_steeringwheel/Steeringwheel-Workspace/ros2_ws/install/piper_humble', 'merge_install': False, 'path': '/home/students_steeringwheel/Steeringwheel-Workspace/ros2_ws/src/piper_ros/src/piper_humble', 'symlink_install': False, 'test_result_base': None}
[0.133s] Level 5:colcon.colcon_core.verb:set package 'piper_msgs' build argument 'cmake_args' from command line to 'None'
[0.133s] Level 5:colcon.colcon_core.verb:set package 'piper_msgs' build argument 'cmake_target' from command line to 'None'
[0.133s] Level 5:colcon.colcon_core.verb:set package 'piper_msgs' build argument 'cmake_target_skip_unavailable' from command line to 'False'
[0.133s] Level 5:colcon.colcon_core.verb:set package 'piper_msgs' build argument 'cmake_clean_cache' from command line to 'False'
[0.133s] Level 5:colcon.colcon_core.verb:set package 'piper_msgs' build argument 'cmake_clean_first' from command line to 'False'
[0.133s] Level 5:colcon.colcon_core.verb:set package 'piper_msgs' build argument 'cmake_force_configure' from command line to 'False'
[0.133s] Level 5:colcon.colcon_core.verb:set package 'piper_msgs' build argument 'ament_cmake_args' from command line to 'None'
[0.133s] Level 5:colcon.colcon_core.verb:set package 'piper_msgs' build argument 'catkin_cmake_args' from command line to 'None'
[0.133s] Level 5:colcon.colcon_core.verb:set package 'piper_msgs' build argument 'catkin_skip_building_tests' from command line to 'False'
[0.133s] DEBUG:colcon.colcon_core.verb:Building package 'piper_msgs' with the following arguments: {'ament_cmake_args': None, 'build_base': '/home/students_steeringwheel/Steeringwheel-Workspace/ros2_ws/build/piper_msgs', 'catkin_cmake_args': None, 'catkin_skip_building_tests': False, 'cmake_args': None, 'cmake_clean_cache': False, 'cmake_clean_first': False, 'cmake_force_configure': False, 'cmake_target': None, 'cmake_target_skip_unavailable': False, 'install_base': '/home/students_steeringwheel/Steeringwheel-Workspace/ros2_ws/install/piper_msgs', 'merge_install': False, 'path': '/home/students_steeringwheel/Steeringwheel-Workspace/ros2_ws/src/piper_ros/src/piper_msgs', 'symlink_install': False, 'test_result_base': None}
[0.133s] Level 5:colcon.colcon_core.verb:set package 'piper_mujoco' build argument 'cmake_args' from command line to 'None'
[0.133s] Level 5:colcon.colcon_core.verb:set package 'piper_mujoco' build argument 'cmake_target' from command line to 'None'
[0.133s] Level 5:colcon.colcon_core.verb:set package 'piper_mujoco' build argument 'cmake_target_skip_unavailable' from command line to 'False'
[0.133s] Level 5:colcon.colcon_core.verb:set package 'piper_mujoco' build argument 'cmake_clean_cache' from command line to 'False'
[0.133s] Level 5:colcon.colcon_core.verb:set package 'piper_mujoco' build argument 'cmake_clean_first' from command line to 'False'
[0.133s] Level 5:colcon.colcon_core.verb:set package 'piper_mujoco' build argument 'cmake_force_configure' from command line to 'False'
[0.133s] Level 5:colcon.colcon_core.verb:set package 'piper_mujoco' build argument 'ament_cmake_args' from command line to 'None'
[0.133s] Level 5:colcon.colcon_core.verb:set package 'piper_mujoco' build argument 'catkin_cmake_args' from command line to 'None'
[0.133s] Level 5:colcon.colcon_core.verb:set package 'piper_mujoco' build argument 'catkin_skip_building_tests' from command line to 'False'
[0.133s] DEBUG:colcon.colcon_core.verb:Building package 'piper_mujoco' with the following arguments: {'ament_cmake_args': None, 'build_base': '/home/students_steeringwheel/Steeringwheel-Workspace/ros2_ws/build/piper_mujoco', 'catkin_cmake_args': None, 'catkin_skip_building_tests': False, 'cmake_args': None, 'cmake_clean_cache': False, 'cmake_clean_first': False, 'cmake_force_configure': False, 'cmake_target': None, 'cmake_target_skip_unavailable': False, 'install_base': '/home/students_steeringwheel/Steeringwheel-Workspace/ros2_ws/install/piper_mujoco', 'merge_install': False, 'path': '/home/students_steeringwheel/Steeringwheel-Workspace/ros2_ws/src/piper_ros/src/piper_sim/piper_mujoco', 'symlink_install': False, 'test_result_base': None}
[0.133s] Level 5:colcon.colcon_core.verb:set package 'piper_no_gripper_moveit' build argument 'cmake_args' from command line to 'None'
[0.134s] Level 5:colcon.colcon_core.verb:set package 'piper_no_gripper_moveit' build argument 'cmake_target' from command line to 'None'
[0.134s] Level 5:colcon.colcon_core.verb:set package 'piper_no_gripper_moveit' build argument 'cmake_target_skip_unavailable' from command line to 'False'
[0.134s] Level 5:colcon.colcon_core.verb:set package 'piper_no_gripper_moveit' build argument 'cmake_clean_cache' from command line to 'False'
[0.134s] Level 5:colcon.colcon_core.verb:set package 'piper_no_gripper_moveit' build argument 'cmake_clean_first' from command line to 'False'
[0.134s] Level 5:colcon.colcon_core.verb:set package 'piper_no_gripper_moveit' build argument 'cmake_force_configure' from command line to 'False'
[0.134s] Level 5:colcon.colcon_core.verb:set package 'piper_no_gripper_moveit' build argument 'ament_cmake_args' from command line to 'None'
[0.134s] Level 5:colcon.colcon_core.verb:set package 'piper_no_gripper_moveit' build argument 'catkin_cmake_args' from command line to 'None'
[0.134s] Level 5:colcon.colcon_core.verb:set package 'piper_no_gripper_moveit' build argument 'catkin_skip_building_tests' from command line to 'False'
[0.134s] DEBUG:colcon.colcon_core.verb:Building package 'piper_no_gripper_moveit' with the following arguments: {'ament_cmake_args': None, 'build_base': '/home/students_steeringwheel/Steeringwheel-Workspace/ros2_ws/build/piper_no_gripper_moveit', 'catkin_cmake_args': None, 'catkin_skip_building_tests': False, 'cmake_args': None, 'cmake_clean_cache': False, 'cmake_clean_first': False, 'cmake_force_configure': False, 'cmake_target': None, 'cmake_target_skip_unavailable': False, 'install_base': '/home/students_steeringwheel/Steeringwheel-Workspace/ros2_ws/install/piper_no_gripper_moveit', 'merge_install': False, 'path': '/home/students_steeringwheel/Steeringwheel-Workspace/ros2_ws/src/piper_ros/src/piper_moveit/piper_no_gripper_moveit', 'symlink_install': False, 'test_result_base': None}
[0.134s] Level 5:colcon.colcon_core.verb:set package 'piper_with_gripper_moveit' build argument 'cmake_args' from command line to 'None'
[0.134s] Level 5:colcon.colcon_core.verb:set package 'piper_with_gripper_moveit' build argument 'cmake_target' from command line to 'None'
[0.134s] Level 5:colcon.colcon_core.verb:set package 'piper_with_gripper_moveit' build argument 'cmake_target_skip_unavailable' from command line to 'False'
[0.134s] Level 5:colcon.colcon_core.verb:set package 'piper_with_gripper_moveit' build argument 'cmake_clean_cache' from command line to 'False'
[0.134s] Level 5:colcon.colcon_core.verb:set package 'piper_with_gripper_moveit' build argument 'cmake_clean_first' from command line to 'False'
[0.134s] Level 5:colcon.colcon_core.verb:set package 'piper_with_gripper_moveit' build argument 'cmake_force_configure' from command line to 'False'
[0.134s] Level 5:colcon.colcon_core.verb:set package 'piper_with_gripper_moveit' build argument 'ament_cmake_args' from command line to 'None'
[0.134s] Level 5:colcon.colcon_core.verb:set package 'piper_with_gripper_moveit' build argument 'catkin_cmake_args' from command line to 'None'
[0.134s] Level 5:colcon.colcon_core.verb:set package 'piper_with_gripper_moveit' build argument 'catkin_skip_building_tests' from command line to 'False'
[0.134s] DEBUG:colcon.colcon_core.verb:Building package 'piper_with_gripper_moveit' with the following arguments: {'ament_cmake_args': None, 'build_base': '/home/students_steeringwheel/Steeringwheel-Workspace/ros2_ws/build/piper_with_gripper_moveit', 'catkin_cmake_args': None, 'catkin_skip_building_tests': False, 'cmake_args': None, 'cmake_clean_cache': False, 'cmake_clean_first': False, 'cmake_force_configure': False, 'cmake_target': None, 'cmake_target_skip_unavailable': False, 'install_base': '/home/students_steeringwheel/Steeringwheel-Workspace/ros2_ws/install/piper_with_gripper_moveit', 'merge_install': False, 'path': '/home/students_steeringwheel/Steeringwheel-Workspace/ros2_ws/src/piper_ros/src/piper_moveit/piper_with_gripper_moveit', 'symlink_install': False, 'test_result_base': None}
[0.134s] INFO:colcon.colcon_core.executor:Executing jobs using 'parallel' executor
[0.134s] DEBUG:colcon.colcon_parallel_executor.executor.parallel:run_until_complete
[0.135s] INFO:colcon.colcon_ros.task.ament_cmake.build:Building ROS package in '/home/students_steeringwheel/Steeringwheel-Workspace/ros2_ws/src/piper_ros/src/piper_description' with build type 'ament_cmake'
[0.135s] INFO:colcon.colcon_cmake.task.cmake.build:Building CMake package in '/home/students_steeringwheel/Steeringwheel-Workspace/ros2_ws/src/piper_ros/src/piper_description'
[0.136s] INFO:colcon.colcon_core.plugin_system:Skipping extension 'colcon_core.shell.bat': Not used on non-Windows systems
[0.136s] INFO:colcon.colcon_core.shell:Skip shell extension 'powershell' for command environment: Not usable outside of PowerShell
[0.136s] DEBUG:colcon.colcon_core.shell:Skip shell extension 'dsv' for command environment
[0.138s] INFO:colcon.colcon_ros.task.ament_python.build:Building ROS package in '/home/students_steeringwheel/Steeringwheel-Workspace/ros2_ws/src/g29_isaac_bridge' with build type 'ament_python'
[0.138s] Level 1:colcon.colcon_core.shell:create_environment_hook('g29_isaac_bridge', 'ament_prefix_path')
[0.138s] INFO:colcon.colcon_core.shell:Creating environment hook '/home/students_steeringwheel/Steeringwheel-Workspace/ros2_ws/install/g29_isaac_bridge/share/g29_isaac_bridge/hook/ament_prefix_path.ps1'
[0.139s] INFO:colcon.colcon_core.shell:Creating environment descriptor '/home/students_steeringwheel/Steeringwheel-Workspace/ros2_ws/install/g29_isaac_bridge/share/g29_isaac_bridge/hook/ament_prefix_path.dsv'
[0.139s] INFO:colcon.colcon_core.shell:Creating environment hook '/home/students_steeringwheel/Steeringwheel-Workspace/ros2_ws/install/g29_isaac_bridge/share/g29_isaac_bridge/hook/ament_prefix_path.sh'
[0.140s] INFO:colcon.colcon_core.shell:Skip shell extension 'powershell' for command environment: Not usable outside of PowerShell
[0.140s] DEBUG:colcon.colcon_core.shell:Skip shell extension 'dsv' for command environment
[0.141s] INFO:colcon.colcon_ros.task.ament_python.build:Building ROS package in '/home/students_steeringwheel/Steeringwheel-Workspace/ros2_ws/src/piper_ros/src/piper' with build type 'ament_python'
[0.141s] Level 1:colcon.colcon_core.shell:create_environment_hook('piper', 'ament_prefix_path')
[0.141s] INFO:colcon.colcon_core.shell:Creating environment hook '/home/students_steeringwheel/Steeringwheel-Workspace/ros2_ws/install/piper/share/piper/hook/ament_prefix_path.ps1'
[0.142s] INFO:colcon.colcon_core.shell:Creating environment descriptor '/home/students_steeringwheel/Steeringwheel-Workspace/ros2_ws/install/piper/share/piper/hook/ament_prefix_path.dsv'
[0.142s] INFO:colcon.colcon_core.shell:Creating environment hook '/home/students_steeringwheel/Steeringwheel-Workspace/ros2_ws/install/piper/share/piper/hook/ament_prefix_path.sh'
[0.142s] INFO:colcon.colcon_core.shell:Skip shell extension 'powershell' for command environment: Not usable outside of PowerShell
[0.142s] DEBUG:colcon.colcon_core.shell:Skip shell extension 'dsv' for command environment
[0.143s] INFO:colcon.colcon_ros.task.ament_cmake.build:Building ROS package in '/home/students_steeringwheel/Steeringwheel-Workspace/ros2_ws/src/piper_ros/src/piper_sim/piper_gazebo' with build type 'ament_cmake'
[0.143s] INFO:colcon.colcon_cmake.task.cmake.build:Building CMake package in '/home/students_steeringwheel/Steeringwheel-Workspace/ros2_ws/src/piper_ros/src/piper_sim/piper_gazebo'
[0.144s] INFO:colcon.colcon_core.shell:Skip shell extension 'powershell' for command environment: Not usable outside of PowerShell
[0.144s] DEBUG:colcon.colcon_core.shell:Skip shell extension 'dsv' for command environment
[0.145s] INFO:colcon.colcon_ros.task.ament_cmake.build:Building ROS package in '/home/students_steeringwheel/Steeringwheel-Workspace/ros2_ws/src/piper_ros/src/piper_humble' with build type 'ament_cmake'
[0.145s] INFO:colcon.colcon_cmake.task.cmake.build:Building CMake package in '/home/students_steeringwheel/Steeringwheel-Workspace/ros2_ws/src/piper_ros/src/piper_humble'
[0.145s] INFO:colcon.colcon_core.shell:Skip shell extension 'powershell' for command environment: Not usable outside of PowerShell
[0.145s] DEBUG:colcon.colcon_core.shell:Skip shell extension 'dsv' for command environment
[0.146s] INFO:colcon.colcon_ros.task.ament_cmake.build:Building ROS package in '/home/students_steeringwheel/Steeringwheel-Workspace/ros2_ws/src/piper_ros/src/piper_msgs' with build type 'ament_cmake'
[0.146s] INFO:colcon.colcon_cmake.task.cmake.build:Building CMake package in '/home/students_steeringwheel/Steeringwheel-Workspace/ros2_ws/src/piper_ros/src/piper_msgs'
[0.146s] INFO:colcon.colcon_core.shell:Skip shell extension 'powershell' for command environment: Not usable outside of PowerShell
[0.146s] DEBUG:colcon.colcon_core.shell:Skip shell extension 'dsv' for command environment
[0.148s] INFO:colcon.colcon_ros.task.ament_cmake.build:Building ROS package in '/home/students_steeringwheel/Steeringwheel-Workspace/ros2_ws/src/piper_ros/src/piper_sim/piper_mujoco' with build type 'ament_cmake'
[0.148s] INFO:colcon.colcon_cmake.task.cmake.build:Building CMake package in '/home/students_steeringwheel/Steeringwheel-Workspace/ros2_ws/src/piper_ros/src/piper_sim/piper_mujoco'
[0.148s] INFO:colcon.colcon_core.shell:Skip shell extension 'powershell' for command environment: Not usable outside of PowerShell
[0.148s] DEBUG:colcon.colcon_core.shell:Skip shell extension 'dsv' for command environment
[0.152s] DEBUG:colcon.colcon_core.event_handler.log_command:Invoking command in '/home/students_steeringwheel/Steeringwheel-Workspace/ros2_ws/build/piper_description': CMAKE_PREFIX_PATH=/opt/ros/humble PS1=(ros2_env) \[\e]0;\u@\h: \w\a\]${debian_chroot:+($debian_chroot)}\[\033[01;32m\]\u@\h\[\033[00m\]:\[\033[01;34m\]\w\[\033[00m\]\$ VIRTUAL_ENV_PROMPT=(ros2_env) /usr/bin/cmake --build /home/students_steeringwheel/Steeringwheel-Workspace/ros2_ws/build/piper_description -- -j32 -l32
[0.244s] WARNING:colcon.colcon_ros.task.ament_python.build:Package 'g29_isaac_bridge' doesn't explicitly install a marker in the package index (colcon-ros currently does it implicitly but that fallback will be removed in the future)
[0.244s] WARNING:colcon.colcon_ros.task.ament_python.build:Package 'g29_isaac_bridge' doesn't explicitly install the 'package.xml' file (colcon-ros currently does it implicitly but that fallback will be removed in the future)
[0.245s] INFO:colcon.colcon_core.task.python.build:Building Python package in '/home/students_steeringwheel/Steeringwheel-Workspace/ros2_ws/src/g29_isaac_bridge'
[0.245s] INFO:colcon.colcon_core.shell:Skip shell extension 'powershell' for command environment: Not usable outside of PowerShell
[0.245s] DEBUG:colcon.colcon_core.shell:Skip shell extension 'dsv' for command environment
[0.339s] INFO:colcon.colcon_core.task.python.build:Building Python package in '/home/students_steeringwheel/Steeringwheel-Workspace/ros2_ws/src/piper_ros/src/piper'
[0.339s] INFO:colcon.colcon_core.shell:Skip shell extension 'powershell' for command environment: Not usable outside of PowerShell
[0.339s] DEBUG:colcon.colcon_core.shell:Skip shell extension 'dsv' for command environment
[0.343s] DEBUG:colcon.colcon_core.event_handler.log_command:Invoking command in '/home/students_steeringwheel/Steeringwheel-Workspace/ros2_ws/build/piper_gazebo': CMAKE_PREFIX_PATH=/opt/ros/humble PS1=(ros2_env) \[\e]0;\u@\h: \w\a\]${debian_chroot:+($debian_chroot)}\[\033[01;32m\]\u@\h\[\033[00m\]:\[\033[01;34m\]\w\[\033[00m\]\$ VIRTUAL_ENV_PROMPT=(ros2_env) /usr/bin/cmake /home/students_steeringwheel/Steeringwheel-Workspace/ros2_ws/src/piper_ros/src/piper_sim/piper_gazebo -DCMAKE_INSTALL_PREFIX=/home/students_steeringwheel/Steeringwheel-Workspace/ros2_ws/install/piper_gazebo
[0.344s] DEBUG:colcon.colcon_core.event_handler.log_command:Invoking command in '/home/students_steeringwheel/Steeringwheel-Workspace/ros2_ws/build/piper_humble': CMAKE_PREFIX_PATH=/opt/ros/humble PS1=(ros2_env) \[\e]0;\u@\h: \w\a\]${debian_chroot:+($debian_chroot)}\[\033[01;32m\]\u@\h\[\033[00m\]:\[\033[01;34m\]\w\[\033[00m\]\$ VIRTUAL_ENV_PROMPT=(ros2_env) /usr/bin/cmake /home/students_steeringwheel/Steeringwheel-Workspace/ros2_ws/src/piper_ros/src/piper_humble -DCMAKE_INSTALL_PREFIX=/home/students_steeringwheel/Steeringwheel-Workspace/ros2_ws/install/piper_humble
[0.345s] DEBUG:colcon.colcon_core.event_handler.log_command:Invoking command in '/home/students_steeringwheel/Steeringwheel-Workspace/ros2_ws/build/piper_msgs': CMAKE_PREFIX_PATH=/opt/ros/humble PS1=(ros2_env) \[\e]0;\u@\h: \w\a\]${debian_chroot:+($debian_chroot)}\[\033[01;32m\]\u@\h\[\033[00m\]:\[\033[01;34m\]\w\[\033[00m\]\$ VIRTUAL_ENV_PROMPT=(ros2_env) /usr/bin/cmake /home/students_steeringwheel/Steeringwheel-Workspace/ros2_ws/src/piper_ros/src/piper_msgs -DCMAKE_INSTALL_PREFIX=/home/students_steeringwheel/Steeringwheel-Workspace/ros2_ws/install/piper_msgs
[0.347s] DEBUG:colcon.colcon_core.event_handler.log_command:Invoking command in '/home/students_steeringwheel/Steeringwheel-Workspace/ros2_ws/build/piper_mujoco': CMAKE_PREFIX_PATH=/opt/ros/humble PS1=(ros2_env) \[\e]0;\u@\h: \w\a\]${debian_chroot:+($debian_chroot)}\[\033[01;32m\]\u@\h\[\033[00m\]:\[\033[01;34m\]\w\[\033[00m\]\$ VIRTUAL_ENV_PROMPT=(ros2_env) /usr/bin/cmake /home/students_steeringwheel/Steeringwheel-Workspace/ros2_ws/src/piper_ros/src/piper_sim/piper_mujoco -DCMAKE_INSTALL_PREFIX=/home/students_steeringwheel/Steeringwheel-Workspace/ros2_ws/install/piper_mujoco
[0.347s] DEBUG:colcon.colcon_core.event_handler.log_command:Invoked command in '/home/students_steeringwheel/Steeringwheel-Workspace/ros2_ws/build/piper_description' returned '0': CMAKE_PREFIX_PATH=/opt/ros/humble PS1=(ros2_env) \[\e]0;\u@\h: \w\a\]${debian_chroot:+($debian_chroot)}\[\033[01;32m\]\u@\h\[\033[00m\]:\[\033[01;34m\]\w\[\033[00m\]\$ VIRTUAL_ENV_PROMPT=(ros2_env) /usr/bin/cmake --build /home/students_steeringwheel/Steeringwheel-Workspace/ros2_ws/build/piper_description -- -j32 -l32
[0.350s] DEBUG:colcon.colcon_core.event_handler.log_command:Invoking command in '/home/students_steeringwheel/Steeringwheel-Workspace/ros2_ws/build/piper_description': CMAKE_PREFIX_PATH=/opt/ros/humble PS1=(ros2_env) \[\e]0;\u@\h: \w\a\]${debian_chroot:+($debian_chroot)}\[\033[01;32m\]\u@\h\[\033[00m\]:\[\033[01;34m\]\w\[\033[00m\]\$ VIRTUAL_ENV_PROMPT=(ros2_env) /usr/bin/cmake --install /home/students_steeringwheel/Steeringwheel-Workspace/ros2_ws/build/piper_description
[0.364s] Level 1:colcon.colcon_core.environment:create_environment_scripts_only(piper_description)
[0.365s] DEBUG:colcon.colcon_core.event_handler.log_command:Invoked command in '/home/students_steeringwheel/Steeringwheel-Workspace/ros2_ws/build/piper_description' returned '0': CMAKE_PREFIX_PATH=/opt/ros/humble PS1=(ros2_env) \[\e]0;\u@\h: \w\a\]${debian_chroot:+($debian_chroot)}\[\033[01;32m\]\u@\h\[\033[00m\]:\[\033[01;34m\]\w\[\033[00m\]\$ VIRTUAL_ENV_PROMPT=(ros2_env) /usr/bin/cmake --install /home/students_steeringwheel/Steeringwheel-Workspace/ros2_ws/build/piper_description
[0.366s] Level 1:colcon.colcon_core.environment:checking '/home/students_steeringwheel/Steeringwheel-Workspace/ros2_ws/install/piper_description' for CMake module files
[0.366s] Level 1:colcon.colcon_core.environment:checking '/home/students_steeringwheel/Steeringwheel-Workspace/ros2_ws/install/piper_description' for CMake config files
[0.366s] Level 1:colcon.colcon_core.shell:create_environment_hook('piper_description', 'cmake_prefix_path')
[0.367s] INFO:colcon.colcon_core.shell:Creating environment hook '/home/students_steeringwheel/Steeringwheel-Workspace/ros2_ws/install/piper_description/share/piper_description/hook/cmake_prefix_path.ps1'
[0.367s] INFO:colcon.colcon_core.shell:Creating environment descriptor '/home/students_steeringwheel/Steeringwheel-Workspace/ros2_ws/install/piper_description/share/piper_description/hook/cmake_prefix_path.dsv'
[0.367s] INFO:colcon.colcon_core.shell:Creating environment hook '/home/students_steeringwheel/Steeringwheel-Workspace/ros2_ws/install/piper_description/share/piper_description/hook/cmake_prefix_path.sh'
[0.368s] Level 1:colcon.colcon_core.environment:checking '/home/students_steeringwheel/Steeringwheel-Workspace/ros2_ws/install/piper_description/bin'
[0.368s] Level 1:colcon.colcon_core.environment:checking '/home/students_steeringwheel/Steeringwheel-Workspace/ros2_ws/install/piper_description/lib/pkgconfig/piper_description.pc'
[0.368s] Level 1:colcon.colcon_core.environment:checking '/home/students_steeringwheel/Steeringwheel-Workspace/ros2_ws/install/piper_description/lib/python3.10/site-packages'
[0.368s] Level 1:colcon.colcon_core.environment:checking '/home/students_steeringwheel/Steeringwheel-Workspace/ros2_ws/install/piper_description/bin'
[0.368s] INFO:colcon.colcon_core.shell:Creating package script '/home/students_steeringwheel/Steeringwheel-Workspace/ros2_ws/install/piper_description/share/piper_description/package.ps1'
[0.368s] INFO:colcon.colcon_core.shell:Creating package descriptor '/home/students_steeringwheel/Steeringwheel-Workspace/ros2_ws/install/piper_description/share/piper_description/package.dsv'
[0.369s] INFO:colcon.colcon_core.shell:Creating package script '/home/students_steeringwheel/Steeringwheel-Workspace/ros2_ws/install/piper_description/share/piper_description/package.sh'
[0.369s] INFO:colcon.colcon_core.shell:Creating package script '/home/students_steeringwheel/Steeringwheel-Workspace/ros2_ws/install/piper_description/share/piper_description/package.bash'
[0.370s] INFO:colcon.colcon_core.shell:Creating package script '/home/students_steeringwheel/Steeringwheel-Workspace/ros2_ws/install/piper_description/share/piper_description/package.zsh'
[0.370s] Level 1:colcon.colcon_core.environment:create_file_with_runtime_dependencies(/home/students_steeringwheel/Steeringwheel-Workspace/ros2_ws/install/piper_description/share/colcon-core/packages/piper_description)
[0.371s] Level 1:colcon.colcon_core.environment:create_environment_scripts_only(piper_description)
[0.371s] Level 1:colcon.colcon_core.environment:checking '/home/students_steeringwheel/Steeringwheel-Workspace/ros2_ws/install/piper_description' for CMake module files
[0.371s] Level 1:colcon.colcon_core.environment:checking '/home/students_steeringwheel/Steeringwheel-Workspace/ros2_ws/install/piper_description' for CMake config files
[0.371s] Level 1:colcon.colcon_core.shell:create_environment_hook('piper_description', 'cmake_prefix_path')
[0.371s] INFO:colcon.colcon_core.shell:Creating environment hook '/home/students_steeringwheel/Steeringwheel-Workspace/ros2_ws/install/piper_description/share/piper_description/hook/cmake_prefix_path.ps1'
[0.371s] INFO:colcon.colcon_core.shell:Creating environment descriptor '/home/students_steeringwheel/Steeringwheel-Workspace/ros2_ws/install/piper_description/share/piper_description/hook/cmake_prefix_path.dsv'
[0.372s] INFO:colcon.colcon_core.shell:Creating environment hook '/home/students_steeringwheel/Steeringwheel-Workspace/ros2_ws/install/piper_description/share/piper_description/hook/cmake_prefix_path.sh'
[0.372s] Level 1:colcon.colcon_core.environment:checking '/home/students_steeringwheel/Steeringwheel-Workspace/ros2_ws/install/piper_description/bin'
[0.372s] Level 1:colcon.colcon_core.environment:checking '/home/students_steeringwheel/Steeringwheel-Workspace/ros2_ws/install/piper_description/lib/pkgconfig/piper_description.pc'
[0.372s] Level 1:colcon.colcon_core.environment:checking '/home/students_steeringwheel/Steeringwheel-Workspace/ros2_ws/install/piper_description/lib/python3.10/site-packages'
[0.372s] Level 1:colcon.colcon_core.environment:checking '/home/students_steeringwheel/Steeringwheel-Workspace/ros2_ws/install/piper_description/bin'
[0.372s] INFO:colcon.colcon_core.shell:Creating package script '/home/students_steeringwheel/Steeringwheel-Workspace/ros2_ws/install/piper_description/share/piper_description/package.ps1'
[0.373s] INFO:colcon.colcon_core.shell:Creating package descriptor '/home/students_steeringwheel/Steeringwheel-Workspace/ros2_ws/install/piper_description/share/piper_description/package.dsv'
[0.373s] INFO:colcon.colcon_core.shell:Creating package script '/home/students_steeringwheel/Steeringwheel-Workspace/ros2_ws/install/piper_description/share/piper_description/package.sh'
[0.373s] INFO:colcon.colcon_core.shell:Creating package script '/home/students_steeringwheel/Steeringwheel-Workspace/ros2_ws/install/piper_description/share/piper_description/package.bash'
[0.373s] INFO:colcon.colcon_core.shell:Creating package script '/home/students_steeringwheel/Steeringwheel-Workspace/ros2_ws/install/piper_description/share/piper_description/package.zsh'
[0.374s] Level 1:colcon.colcon_core.environment:create_file_with_runtime_dependencies(/home/students_steeringwheel/Steeringwheel-Workspace/ros2_ws/install/piper_description/share/colcon-core/packages/piper_description)
[0.374s] INFO:colcon.colcon_ros.task.ament_cmake.build:Building ROS package in '/home/students_steeringwheel/Steeringwheel-Workspace/ros2_ws/src/piper_ros/src/piper_moveit/piper_no_gripper_moveit' with build type 'ament_cmake'
[0.374s] INFO:colcon.colcon_cmake.task.cmake.build:Building CMake package in '/home/students_steeringwheel/Steeringwheel-Workspace/ros2_ws/src/piper_ros/src/piper_moveit/piper_no_gripper_moveit'
[0.374s] INFO:colcon.colcon_core.shell:Skip shell extension 'powershell' for command environment: Not usable outside of PowerShell
[0.374s] DEBUG:colcon.colcon_core.shell:Skip shell extension 'dsv' for command environment
[0.376s] INFO:colcon.colcon_ros.task.ament_cmake.build:Building ROS package in '/home/students_steeringwheel/Steeringwheel-Workspace/ros2_ws/src/piper_ros/src/piper_moveit/piper_with_gripper_moveit' with build type 'ament_cmake'
[0.376s] INFO:colcon.colcon_cmake.task.cmake.build:Building CMake package in '/home/students_steeringwheel/Steeringwheel-Workspace/ros2_ws/src/piper_ros/src/piper_moveit/piper_with_gripper_moveit'
[0.376s] INFO:colcon.colcon_core.shell:Skip shell extension 'powershell' for command environment: Not usable outside of PowerShell
[0.376s] DEBUG:colcon.colcon_core.shell:Skip shell extension 'dsv' for command environment
[0.380s] DEBUG:colcon.colcon_core.event_handler.log_command:Invoking command in '/home/students_steeringwheel/Steeringwheel-Workspace/ros2_ws/build/piper_no_gripper_moveit': AMENT_PREFIX_PATH=/home/students_steeringwheel/Steeringwheel-Workspace/ros2_ws/install/piper_description:${AMENT_PREFIX_PATH} CMAKE_PREFIX_PATH=/home/students_steeringwheel/Steeringwheel-Workspace/ros2_ws/install/piper_description:/opt/ros/humble PS1=(ros2_env) \[\e]0;\u@\h: \w\a\]${debian_chroot:+($debian_chroot)}\[\033[01;32m\]\u@\h\[\033[00m\]:\[\033[01;34m\]\w\[\033[00m\]\$ VIRTUAL_ENV_PROMPT=(ros2_env) /usr/bin/cmake /home/students_steeringwheel/Steeringwheel-Workspace/ros2_ws/src/piper_ros/src/piper_moveit/piper_no_gripper_moveit -DCMAKE_INSTALL_PREFIX=/home/students_steeringwheel/Steeringwheel-Workspace/ros2_ws/install/piper_no_gripper_moveit
[0.381s] DEBUG:colcon.colcon_core.event_handler.log_command:Invoking command in '/home/students_steeringwheel/Steeringwheel-Workspace/ros2_ws/build/piper_with_gripper_moveit': AMENT_PREFIX_PATH=/home/students_steeringwheel/Steeringwheel-Workspace/ros2_ws/install/piper_description:${AMENT_PREFIX_PATH} CMAKE_PREFIX_PATH=/home/students_steeringwheel/Steeringwheel-Workspace/ros2_ws/install/piper_description:/opt/ros/humble PS1=(ros2_env) \[\e]0;\u@\h: \w\a\]${debian_chroot:+($debian_chroot)}\[\033[01;32m\]\u@\h\[\033[00m\]:\[\033[01;34m\]\w\[\033[00m\]\$ VIRTUAL_ENV_PROMPT=(ros2_env) /usr/bin/cmake /home/students_steeringwheel/Steeringwheel-Workspace/ros2_ws/src/piper_ros/src/piper_moveit/piper_with_gripper_moveit -DCMAKE_INSTALL_PREFIX=/home/students_steeringwheel/Steeringwheel-Workspace/ros2_ws/install/piper_with_gripper_moveit
[0.491s] DEBUG:colcon.colcon_core.event_handler.log_command:Invoking command in '/home/students_steeringwheel/Steeringwheel-Workspace/ros2_ws/src/piper_ros/src/piper': PS1=(ros2_env) \[\e]0;\u@\h: \w\a\]${debian_chroot:+($debian_chroot)}\[\033[01;32m\]\u@\h\[\033[00m\]:\[\033[01;34m\]\w\[\033[00m\]\$ PYTHONPATH=/home/students_steeringwheel/Steeringwheel-Workspace/ros2_ws/build/piper/prefix_override:/home/students_steeringwheel/ros2_env/lib/python3.10/site-packages/colcon_core/task/python/colcon_distutils_commands:/home/students_steeringwheel/Steeringwheel-Workspace/ros2_ws/install/piper/lib/python3.10/site-packages:${PYTHONPATH} VIRTUAL_ENV_PROMPT=(ros2_env) /home/students_steeringwheel/ros2_env/bin/python3.10 -W ignore:setup.py install is deprecated -W ignore:easy_install command is deprecated setup.py egg_info --egg-base ../../../../build/piper build --build-base /home/students_steeringwheel/Steeringwheel-Workspace/ros2_ws/build/piper/build install --record /home/students_steeringwheel/Steeringwheel-Workspace/ros2_ws/build/piper/install.log --single-version-externally-managed install_data
[0.493s] DEBUG:colcon.colcon_core.event_handler.log_command:Invoking command in '/home/students_steeringwheel/Steeringwheel-Workspace/ros2_ws/src/g29_isaac_bridge': PS1=(ros2_env) \[\e]0;\u@\h: \w\a\]${debian_chroot:+($debian_chroot)}\[\033[01;32m\]\u@\h\[\033[00m\]:\[\033[01;34m\]\w\[\033[00m\]\$ PYTHONPATH=/home/students_steeringwheel/Steeringwheel-Workspace/ros2_ws/build/g29_isaac_bridge/prefix_override:/home/students_steeringwheel/ros2_env/lib/python3.10/site-packages/colcon_core/task/python/colcon_distutils_commands:/home/students_steeringwheel/Steeringwheel-Workspace/ros2_ws/install/g29_isaac_bridge/lib/python3.10/site-packages:${PYTHONPATH} VIRTUAL_ENV_PROMPT=(ros2_env) /home/students_steeringwheel/ros2_env/bin/python3.10 -W ignore:setup.py install is deprecated -W ignore:easy_install command is deprecated setup.py egg_info --egg-base ../../build/g29_isaac_bridge build --build-base /home/students_steeringwheel/Steeringwheel-Workspace/ros2_ws/build/g29_isaac_bridge/build install --record /home/students_steeringwheel/Steeringwheel-Workspace/ros2_ws/build/g29_isaac_bridge/install.log --single-version-externally-managed
[0.609s] Level 1:colcon.colcon_core.environment:checking '/home/students_steeringwheel/Steeringwheel-Workspace/ros2_ws/install/g29_isaac_bridge' for CMake module files
[0.610s] DEBUG:colcon.colcon_core.event_handler.log_command:Invoked command in '/home/students_steeringwheel/Steeringwheel-Workspace/ros2_ws/src/g29_isaac_bridge' returned '0': PS1=(ros2_env) \[\e]0;\u@\h: \w\a\]${debian_chroot:+($debian_chroot)}\[\033[01;32m\]\u@\h\[\033[00m\]:\[\033[01;34m\]\w\[\033[00m\]\$ PYTHONPATH=/home/students_steeringwheel/Steeringwheel-Workspace/ros2_ws/build/g29_isaac_bridge/prefix_override:/home/students_steeringwheel/ros2_env/lib/python3.10/site-packages/colcon_core/task/python/colcon_distutils_commands:/home/students_steeringwheel/Steeringwheel-Workspace/ros2_ws/install/g29_isaac_bridge/lib/python3.10/site-packages:${PYTHONPATH} VIRTUAL_ENV_PROMPT=(ros2_env) /home/students_steeringwheel/ros2_env/bin/python3.10 -W ignore:setup.py install is deprecated -W ignore:easy_install command is deprecated setup.py egg_info --egg-base ../../build/g29_isaac_bridge build --build-base /home/students_steeringwheel/Steeringwheel-Workspace/ros2_ws/build/g29_isaac_bridge/build install --record /home/students_steeringwheel/Steeringwheel-Workspace/ros2_ws/build/g29_isaac_bridge/install.log --single-version-externally-managed
[0.610s] Level 1:colcon.colcon_core.environment:checking '/home/students_steeringwheel/Steeringwheel-Workspace/ros2_ws/install/g29_isaac_bridge' for CMake config files
[0.610s] Level 1:colcon.colcon_core.environment:checking '/home/students_steeringwheel/Steeringwheel-Workspace/ros2_ws/install/g29_isaac_bridge/lib'
[0.610s] Level 1:colcon.colcon_core.environment:checking '/home/students_steeringwheel/Steeringwheel-Workspace/ros2_ws/install/g29_isaac_bridge/bin'
[0.610s] Level 1:colcon.colcon_core.environment:checking '/home/students_steeringwheel/Steeringwheel-Workspace/ros2_ws/install/g29_isaac_bridge/lib/pkgconfig/g29_isaac_bridge.pc'
[0.611s] Level 1:colcon.colcon_core.environment:checking '/home/students_steeringwheel/Steeringwheel-Workspace/ros2_ws/install/g29_isaac_bridge/lib/python3.10/site-packages'
[0.611s] Level 1:colcon.colcon_core.shell:create_environment_hook('g29_isaac_bridge', 'pythonpath')
[0.611s] INFO:colcon.colcon_core.shell:Creating environment hook '/home/students_steeringwheel/Steeringwheel-Workspace/ros2_ws/install/g29_isaac_bridge/share/g29_isaac_bridge/hook/pythonpath.ps1'
[0.611s] INFO:colcon.colcon_core.shell:Creating environment descriptor '/home/students_steeringwheel/Steeringwheel-Workspace/ros2_ws/install/g29_isaac_bridge/share/g29_isaac_bridge/hook/pythonpath.dsv'
[0.612s] INFO:colcon.colcon_core.shell:Creating environment hook '/home/students_steeringwheel/Steeringwheel-Workspace/ros2_ws/install/g29_isaac_bridge/share/g29_isaac_bridge/hook/pythonpath.sh'
[0.612s] Level 1:colcon.colcon_core.environment:checking '/home/students_steeringwheel/Steeringwheel-Workspace/ros2_ws/install/g29_isaac_bridge/bin'
[0.612s] Level 1:colcon.colcon_core.environment:create_environment_scripts_only(g29_isaac_bridge)
[0.613s] INFO:colcon.colcon_core.shell:Creating package script '/home/students_steeringwheel/Steeringwheel-Workspace/ros2_ws/install/g29_isaac_bridge/share/g29_isaac_bridge/package.ps1'
[0.613s] INFO:colcon.colcon_core.shell:Creating package descriptor '/home/students_steeringwheel/Steeringwheel-Workspace/ros2_ws/install/g29_isaac_bridge/share/g29_isaac_bridge/package.dsv'
[0.613s] INFO:colcon.colcon_core.shell:Creating package script '/home/students_steeringwheel/Steeringwheel-Workspace/ros2_ws/install/g29_isaac_bridge/share/g29_isaac_bridge/package.sh'
[0.614s] INFO:colcon.colcon_core.shell:Creating package script '/home/students_steeringwheel/Steeringwheel-Workspace/ros2_ws/install/g29_isaac_bridge/share/g29_isaac_bridge/package.bash'
[0.614s] INFO:colcon.colcon_core.shell:Creating package script '/home/students_steeringwheel/Steeringwheel-Workspace/ros2_ws/install/g29_isaac_bridge/share/g29_isaac_bridge/package.zsh'
[0.614s] Level 1:colcon.colcon_core.environment:create_file_with_runtime_dependencies(/home/students_steeringwheel/Steeringwheel-Workspace/ros2_ws/install/g29_isaac_bridge/share/colcon-core/packages/g29_isaac_bridge)
[0.615s] Level 1:colcon.colcon_core.environment:checking '/home/students_steeringwheel/Steeringwheel-Workspace/ros2_ws/install/piper' for CMake module files
[0.615s] DEBUG:colcon.colcon_core.event_handler.log_command:Invoked command in '/home/students_steeringwheel/Steeringwheel-Workspace/ros2_ws/src/piper_ros/src/piper' returned '0': PS1=(ros2_env) \[\e]0;\u@\h: \w\a\]${debian_chroot:+($debian_chroot)}\[\033[01;32m\]\u@\h\[\033[00m\]:\[\033[01;34m\]\w\[\033[00m\]\$ PYTHONPATH=/home/students_steeringwheel/Steeringwheel-Workspace/ros2_ws/build/piper/prefix_override:/home/students_steeringwheel/ros2_env/lib/python3.10/site-packages/colcon_core/task/python/colcon_distutils_commands:/home/students_steeringwheel/Steeringwheel-Workspace/ros2_ws/install/piper/lib/python3.10/site-packages:${PYTHONPATH} VIRTUAL_ENV_PROMPT=(ros2_env) /home/students_steeringwheel/ros2_env/bin/python3.10 -W ignore:setup.py install is deprecated -W ignore:easy_install command is deprecated setup.py egg_info --egg-base ../../../../build/piper build --build-base /home/students_steeringwheel/Steeringwheel-Workspace/ros2_ws/build/piper/build install --record /home/students_steeringwheel/Steeringwheel-Workspace/ros2_ws/build/piper/install.log --single-version-externally-managed install_data
[0.616s] Level 1:colcon.colcon_core.environment:checking '/home/students_steeringwheel/Steeringwheel-Workspace/ros2_ws/install/piper' for CMake config files
[0.616s] Level 1:colcon.colcon_core.environment:checking '/home/students_steeringwheel/Steeringwheel-Workspace/ros2_ws/install/piper/lib'
[0.616s] Level 1:colcon.colcon_core.environment:checking '/home/students_steeringwheel/Steeringwheel-Workspace/ros2_ws/install/piper/bin'
[0.616s] Level 1:colcon.colcon_core.environment:checking '/home/students_steeringwheel/Steeringwheel-Workspace/ros2_ws/install/piper/lib/pkgconfig/piper.pc'
[0.616s] Level 1:colcon.colcon_core.environment:checking '/home/students_steeringwheel/Steeringwheel-Workspace/ros2_ws/install/piper/lib/python3.10/site-packages'
[0.616s] Level 1:colcon.colcon_core.shell:create_environment_hook('piper', 'pythonpath')
[0.616s] INFO:colcon.colcon_core.shell:Creating environment hook '/home/students_steeringwheel/Steeringwheel-Workspace/ros2_ws/install/piper/share/piper/hook/pythonpath.ps1'
[0.617s] INFO:colcon.colcon_core.shell:Creating environment descriptor '/home/students_steeringwheel/Steeringwheel-Workspace/ros2_ws/install/piper/share/piper/hook/pythonpath.dsv'
[0.617s] INFO:colcon.colcon_core.shell:Creating environment hook '/home/students_steeringwheel/Steeringwheel-Workspace/ros2_ws/install/piper/share/piper/hook/pythonpath.sh'
[0.618s] Level 1:colcon.colcon_core.environment:checking '/home/students_steeringwheel/Steeringwheel-Workspace/ros2_ws/install/piper/bin'
[0.618s] Level 1:colcon.colcon_core.environment:create_environment_scripts_only(piper)
[0.618s] INFO:colcon.colcon_core.shell:Creating package script '/home/students_steeringwheel/Steeringwheel-Workspace/ros2_ws/install/piper/share/piper/package.ps1'
[0.618s] INFO:colcon.colcon_core.shell:Creating package descriptor '/home/students_steeringwheel/Steeringwheel-Workspace/ros2_ws/install/piper/share/piper/package.dsv'
[0.619s] INFO:colcon.colcon_core.shell:Creating package script '/home/students_steeringwheel/Steeringwheel-Workspace/ros2_ws/install/piper/share/piper/package.sh'
[0.619s] INFO:colcon.colcon_core.shell:Creating package script '/home/students_steeringwheel/Steeringwheel-Workspace/ros2_ws/install/piper/share/piper/package.bash'
[0.619s] INFO:colcon.colcon_core.shell:Creating package script '/home/students_steeringwheel/Steeringwheel-Workspace/ros2_ws/install/piper/share/piper/package.zsh'
[0.619s] Level 1:colcon.colcon_core.environment:create_file_with_runtime_dependencies(/home/students_steeringwheel/Steeringwheel-Workspace/ros2_ws/install/piper/share/colcon-core/packages/piper)
[0.674s] DEBUG:colcon.colcon_core.event_handler.log_command:Invoked command in '/home/students_steeringwheel/Steeringwheel-Workspace/ros2_ws/build/piper_humble' returned '0': CMAKE_PREFIX_PATH=/opt/ros/humble PS1=(ros2_env) \[\e]0;\u@\h: \w\a\]${debian_chroot:+($debian_chroot)}\[\033[01;32m\]\u@\h\[\033[00m\]:\[\033[01;34m\]\w\[\033[00m\]\$ VIRTUAL_ENV_PROMPT=(ros2_env) /usr/bin/cmake /home/students_steeringwheel/Steeringwheel-Workspace/ros2_ws/src/piper_ros/src/piper_humble -DCMAKE_INSTALL_PREFIX=/home/students_steeringwheel/Steeringwheel-Workspace/ros2_ws/install/piper_humble
[0.675s] DEBUG:colcon.colcon_core.event_handler.log_command:Invoking command in '/home/students_steeringwheel/Steeringwheel-Workspace/ros2_ws/build/piper_humble': CMAKE_PREFIX_PATH=/opt/ros/humble PS1=(ros2_env) \[\e]0;\u@\h: \w\a\]${debian_chroot:+($debian_chroot)}\[\033[01;32m\]\u@\h\[\033[00m\]:\[\033[01;34m\]\w\[\033[00m\]\$ VIRTUAL_ENV_PROMPT=(ros2_env) /usr/bin/cmake --build /home/students_steeringwheel/Steeringwheel-Workspace/ros2_ws/build/piper_humble -- -j32 -l32
[0.686s] DEBUG:colcon.colcon_core.event_handler.log_command:Invoked command in '/home/students_steeringwheel/Steeringwheel-Workspace/ros2_ws/build/piper_humble' returned '0': CMAKE_PREFIX_PATH=/opt/ros/humble PS1=(ros2_env) \[\e]0;\u@\h: \w\a\]${debian_chroot:+($debian_chroot)}\[\033[01;32m\]\u@\h\[\033[00m\]:\[\033[01;34m\]\w\[\033[00m\]\$ VIRTUAL_ENV_PROMPT=(ros2_env) /usr/bin/cmake --build /home/students_steeringwheel/Steeringwheel-Workspace/ros2_ws/build/piper_humble -- -j32 -l32
[0.687s] DEBUG:colcon.colcon_core.event_handler.log_command:Invoking command in '/home/students_steeringwheel/Steeringwheel-Workspace/ros2_ws/build/piper_humble': CMAKE_PREFIX_PATH=/opt/ros/humble PS1=(ros2_env) \[\e]0;\u@\h: \w\a\]${debian_chroot:+($debian_chroot)}\[\033[01;32m\]\u@\h\[\033[00m\]:\[\033[01;34m\]\w\[\033[00m\]\$ VIRTUAL_ENV_PROMPT=(ros2_env) /usr/bin/cmake --install /home/students_steeringwheel/Steeringwheel-Workspace/ros2_ws/build/piper_humble
[0.689s] DEBUG:colcon.colcon_core.event_handler.log_command:Invoked command in '/home/students_steeringwheel/Steeringwheel-Workspace/ros2_ws/build/piper_gazebo' returned '0': CMAKE_PREFIX_PATH=/opt/ros/humble PS1=(ros2_env) \[\e]0;\u@\h: \w\a\]${debian_chroot:+($debian_chroot)}\[\033[01;32m\]\u@\h\[\033[00m\]:\[\033[01;34m\]\w\[\033[00m\]\$ VIRTUAL_ENV_PROMPT=(ros2_env) /usr/bin/cmake /home/students_steeringwheel/Steeringwheel-Workspace/ros2_ws/src/piper_ros/src/piper_sim/piper_gazebo -DCMAKE_INSTALL_PREFIX=/home/students_steeringwheel/Steeringwheel-Workspace/ros2_ws/install/piper_gazebo
[0.689s] DEBUG:colcon.colcon_core.event_handler.log_command:Invoking command in '/home/students_steeringwheel/Steeringwheel-Workspace/ros2_ws/build/piper_gazebo': CMAKE_PREFIX_PATH=/opt/ros/humble PS1=(ros2_env) \[\e]0;\u@\h: \w\a\]${debian_chroot:+($debian_chroot)}\[\033[01;32m\]\u@\h\[\033[00m\]:\[\033[01;34m\]\w\[\033[00m\]\$ VIRTUAL_ENV_PROMPT=(ros2_env) /usr/bin/cmake --build /home/students_steeringwheel/Steeringwheel-Workspace/ros2_ws/build/piper_gazebo -- -j32 -l32
[0.691s] Level 1:colcon.colcon_core.environment:create_environment_scripts_only(piper_humble)
[0.691s] Level 1:colcon.colcon_core.environment:checking '/home/students_steeringwheel/Steeringwheel-Workspace/ros2_ws/install/piper_humble' for CMake module files
[0.691s] DEBUG:colcon.colcon_core.event_handler.log_command:Invoked command in '/home/students_steeringwheel/Steeringwheel-Workspace/ros2_ws/build/piper_humble' returned '0': CMAKE_PREFIX_PATH=/opt/ros/humble PS1=(ros2_env) \[\e]0;\u@\h: \w\a\]${debian_chroot:+($debian_chroot)}\[\033[01;32m\]\u@\h\[\033[00m\]:\[\033[01;34m\]\w\[\033[00m\]\$ VIRTUAL_ENV_PROMPT=(ros2_env) /usr/bin/cmake --install /home/students_steeringwheel/Steeringwheel-Workspace/ros2_ws/build/piper_humble
[0.692s] Level 1:colcon.colcon_core.environment:checking '/home/students_steeringwheel/Steeringwheel-Workspace/ros2_ws/install/piper_humble' for CMake config files
[0.692s] Level 1:colcon.colcon_core.shell:create_environment_hook('piper_humble', 'cmake_prefix_path')
[0.692s] INFO:colcon.colcon_core.shell:Creating environment hook '/home/students_steeringwheel/Steeringwheel-Workspace/ros2_ws/install/piper_humble/share/piper_humble/hook/cmake_prefix_path.ps1'
[0.692s] INFO:colcon.colcon_core.shell:Creating environment descriptor '/home/students_steeringwheel/Steeringwheel-Workspace/ros2_ws/install/piper_humble/share/piper_humble/hook/cmake_prefix_path.dsv'
[0.693s] INFO:colcon.colcon_core.shell:Creating environment hook '/home/students_steeringwheel/Steeringwheel-Workspace/ros2_ws/install/piper_humble/share/piper_humble/hook/cmake_prefix_path.sh'
[0.693s] Level 1:colcon.colcon_core.environment:checking '/home/students_steeringwheel/Steeringwheel-Workspace/ros2_ws/install/piper_humble/bin'
[0.693s] Level 1:colcon.colcon_core.environment:checking '/home/students_steeringwheel/Steeringwheel-Workspace/ros2_ws/install/piper_humble/lib/pkgconfig/piper_humble.pc'
[0.693s] Level 1:colcon.colcon_core.environment:checking '/home/students_steeringwheel/Steeringwheel-Workspace/ros2_ws/install/piper_humble/lib/python3.10/site-packages'
[0.693s] Level 1:colcon.colcon_core.environment:checking '/home/students_steeringwheel/Steeringwheel-Workspace/ros2_ws/install/piper_humble/bin'
[0.693s] INFO:colcon.colcon_core.shell:Creating package script '/home/students_steeringwheel/Steeringwheel-Workspace/ros2_ws/install/piper_humble/share/piper_humble/package.ps1'
[0.694s] INFO:colcon.colcon_core.shell:Creating package descriptor '/home/students_steeringwheel/Steeringwheel-Workspace/ros2_ws/install/piper_humble/share/piper_humble/package.dsv'
[0.694s] INFO:colcon.colcon_core.shell:Creating package script '/home/students_steeringwheel/Steeringwheel-Workspace/ros2_ws/install/piper_humble/share/piper_humble/package.sh'
[0.694s] INFO:colcon.colcon_core.shell:Creating package script '/home/students_steeringwheel/Steeringwheel-Workspace/ros2_ws/install/piper_humble/share/piper_humble/package.bash'
[0.695s] INFO:colcon.colcon_core.shell:Creating package script '/home/students_steeringwheel/Steeringwheel-Workspace/ros2_ws/install/piper_humble/share/piper_humble/package.zsh'
[0.695s] Level 1:colcon.colcon_core.environment:create_file_with_runtime_dependencies(/home/students_steeringwheel/Steeringwheel-Workspace/ros2_ws/install/piper_humble/share/colcon-core/packages/piper_humble)
[0.695s] Level 1:colcon.colcon_core.environment:create_environment_scripts_only(piper_humble)
[0.695s] Level 1:colcon.colcon_core.environment:checking '/home/students_steeringwheel/Steeringwheel-Workspace/ros2_ws/install/piper_humble' for CMake module files
[0.695s] Level 1:colcon.colcon_core.environment:checking '/home/students_steeringwheel/Steeringwheel-Workspace/ros2_ws/install/piper_humble' for CMake config files
[0.695s] Level 1:colcon.colcon_core.shell:create_environment_hook('piper_humble', 'cmake_prefix_path')
[0.695s] INFO:colcon.colcon_core.shell:Creating environment hook '/home/students_steeringwheel/Steeringwheel-Workspace/ros2_ws/install/piper_humble/share/piper_humble/hook/cmake_prefix_path.ps1'
[0.696s] INFO:colcon.colcon_core.shell:Creating environment descriptor '/home/students_steeringwheel/Steeringwheel-Workspace/ros2_ws/install/piper_humble/share/piper_humble/hook/cmake_prefix_path.dsv'
[0.696s] INFO:colcon.colcon_core.shell:Creating environment hook '/home/students_steeringwheel/Steeringwheel-Workspace/ros2_ws/install/piper_humble/share/piper_humble/hook/cmake_prefix_path.sh'
[0.696s] Level 1:colcon.colcon_core.environment:checking '/home/students_steeringwheel/Steeringwheel-Workspace/ros2_ws/install/piper_humble/bin'
[0.696s] Level 1:colcon.colcon_core.environment:checking '/home/students_steeringwheel/Steeringwheel-Workspace/ros2_ws/install/piper_humble/lib/pkgconfig/piper_humble.pc'
[0.696s] Level 1:colcon.colcon_core.environment:checking '/home/students_steeringwheel/Steeringwheel-Workspace/ros2_ws/install/piper_humble/lib/python3.10/site-packages'
[0.697s] Level 1:colcon.colcon_core.environment:checking '/home/students_steeringwheel/Steeringwheel-Workspace/ros2_ws/install/piper_humble/bin'
[0.697s] INFO:colcon.colcon_core.shell:Creating package script '/home/students_steeringwheel/Steeringwheel-Workspace/ros2_ws/install/piper_humble/share/piper_humble/package.ps1'
[0.697s] INFO:colcon.colcon_core.shell:Creating package descriptor '/home/students_steeringwheel/Steeringwheel-Workspace/ros2_ws/install/piper_humble/share/piper_humble/package.dsv'
[0.697s] INFO:colcon.colcon_core.shell:Creating package script '/home/students_steeringwheel/Steeringwheel-Workspace/ros2_ws/install/piper_humble/share/piper_humble/package.sh'
[0.698s] INFO:colcon.colcon_core.shell:Creating package script '/home/students_steeringwheel/Steeringwheel-Workspace/ros2_ws/install/piper_humble/share/piper_humble/package.bash'
[0.698s] INFO:colcon.colcon_core.shell:Creating package script '/home/students_steeringwheel/Steeringwheel-Workspace/ros2_ws/install/piper_humble/share/piper_humble/package.zsh'
[0.698s] Level 1:colcon.colcon_core.environment:create_file_with_runtime_dependencies(/home/students_steeringwheel/Steeringwheel-Workspace/ros2_ws/install/piper_humble/share/colcon-core/packages/piper_humble)
[0.702s] DEBUG:colcon.colcon_core.event_handler.log_command:Invoked command in '/home/students_steeringwheel/Steeringwheel-Workspace/ros2_ws/build/piper_gazebo' returned '0': CMAKE_PREFIX_PATH=/opt/ros/humble PS1=(ros2_env) \[\e]0;\u@\h: \w\a\]${debian_chroot:+($debian_chroot)}\[\033[01;32m\]\u@\h\[\033[00m\]:\[\033[01;34m\]\w\[\033[00m\]\$ VIRTUAL_ENV_PROMPT=(ros2_env) /usr/bin/cmake --build /home/students_steeringwheel/Steeringwheel-Workspace/ros2_ws/build/piper_gazebo -- -j32 -l32
[0.703s] DEBUG:colcon.colcon_core.event_handler.log_command:Invoking command in '/home/students_steeringwheel/Steeringwheel-Workspace/ros2_ws/build/piper_gazebo': CMAKE_PREFIX_PATH=/opt/ros/humble PS1=(ros2_env) \[\e]0;\u@\h: \w\a\]${debian_chroot:+($debian_chroot)}\[\033[01;32m\]\u@\h\[\033[00m\]:\[\033[01;34m\]\w\[\033[00m\]\$ VIRTUAL_ENV_PROMPT=(ros2_env) /usr/bin/cmake --install /home/students_steeringwheel/Steeringwheel-Workspace/ros2_ws/build/piper_gazebo
[0.708s] Level 1:colcon.colcon_core.environment:create_environment_scripts_only(piper_gazebo)
[0.708s] DEBUG:colcon.colcon_core.event_handler.log_command:Invoked command in '/home/students_steeringwheel/Steeringwheel-Workspace/ros2_ws/build/piper_gazebo' returned '0': CMAKE_PREFIX_PATH=/opt/ros/humble PS1=(ros2_env) \[\e]0;\u@\h: \w\a\]${debian_chroot:+($debian_chroot)}\[\033[01;32m\]\u@\h\[\033[00m\]:\[\033[01;34m\]\w\[\033[00m\]\$ VIRTUAL_ENV_PROMPT=(ros2_env) /usr/bin/cmake --install /home/students_steeringwheel/Steeringwheel-Workspace/ros2_ws/build/piper_gazebo
[0.708s] Level 1:colcon.colcon_core.environment:checking '/home/students_steeringwheel/Steeringwheel-Workspace/ros2_ws/install/piper_gazebo' for CMake module files
[0.708s] Level 1:colcon.colcon_core.environment:checking '/home/students_steeringwheel/Steeringwheel-Workspace/ros2_ws/install/piper_gazebo' for CMake config files
[0.708s] Level 1:colcon.colcon_core.shell:create_environment_hook('piper_gazebo', 'cmake_prefix_path')
[0.709s] INFO:colcon.colcon_core.shell:Creating environment hook '/home/students_steeringwheel/Steeringwheel-Workspace/ros2_ws/install/piper_gazebo/share/piper_gazebo/hook/cmake_prefix_path.ps1'
[0.709s] INFO:colcon.colcon_core.shell:Creating environment descriptor '/home/students_steeringwheel/Steeringwheel-Workspace/ros2_ws/install/piper_gazebo/share/piper_gazebo/hook/cmake_prefix_path.dsv'
[0.709s] INFO:colcon.colcon_core.shell:Creating environment hook '/home/students_steeringwheel/Steeringwheel-Workspace/ros2_ws/install/piper_gazebo/share/piper_gazebo/hook/cmake_prefix_path.sh'
[0.710s] Level 1:colcon.colcon_core.environment:checking '/home/students_steeringwheel/Steeringwheel-Workspace/ros2_ws/install/piper_gazebo/lib'
[0.710s] Level 1:colcon.colcon_core.environment:checking '/home/students_steeringwheel/Steeringwheel-Workspace/ros2_ws/install/piper_gazebo/bin'
[0.710s] Level 1:colcon.colcon_core.environment:checking '/home/students_steeringwheel/Steeringwheel-Workspace/ros2_ws/install/piper_gazebo/lib/pkgconfig/piper_gazebo.pc'
[0.710s] Level 1:colcon.colcon_core.environment:checking '/home/students_steeringwheel/Steeringwheel-Workspace/ros2_ws/install/piper_gazebo/lib/python3.10/site-packages'
[0.710s] Level 1:colcon.colcon_core.environment:checking '/home/students_steeringwheel/Steeringwheel-Workspace/ros2_ws/install/piper_gazebo/bin'
[0.710s] INFO:colcon.colcon_core.shell:Creating package script '/home/students_steeringwheel/Steeringwheel-Workspace/ros2_ws/install/piper_gazebo/share/piper_gazebo/package.ps1'
[0.711s] INFO:colcon.colcon_core.shell:Creating package descriptor '/home/students_steeringwheel/Steeringwheel-Workspace/ros2_ws/install/piper_gazebo/share/piper_gazebo/package.dsv'
[0.711s] INFO:colcon.colcon_core.shell:Creating package script '/home/students_steeringwheel/Steeringwheel-Workspace/ros2_ws/install/piper_gazebo/share/piper_gazebo/package.sh'
[0.711s] INFO:colcon.colcon_core.shell:Creating package script '/home/students_steeringwheel/Steeringwheel-Workspace/ros2_ws/install/piper_gazebo/share/piper_gazebo/package.bash'
[0.712s] INFO:colcon.colcon_core.shell:Creating package script '/home/students_steeringwheel/Steeringwheel-Workspace/ros2_ws/install/piper_gazebo/share/piper_gazebo/package.zsh'
[0.712s] Level 1:colcon.colcon_core.environment:create_file_with_runtime_dependencies(/home/students_steeringwheel/Steeringwheel-Workspace/ros2_ws/install/piper_gazebo/share/colcon-core/packages/piper_gazebo)
[0.712s] Level 1:colcon.colcon_core.environment:create_environment_scripts_only(piper_gazebo)
[0.712s] Level 1:colcon.colcon_core.environment:checking '/home/students_steeringwheel/Steeringwheel-Workspace/ros2_ws/install/piper_gazebo' for CMake module files
[0.712s] Level 1:colcon.colcon_core.environment:checking '/home/students_steeringwheel/Steeringwheel-Workspace/ros2_ws/install/piper_gazebo' for CMake config files
[0.712s] Level 1:colcon.colcon_core.shell:create_environment_hook('piper_gazebo', 'cmake_prefix_path')
[0.713s] INFO:colcon.colcon_core.shell:Creating environment hook '/home/students_steeringwheel/Steeringwheel-Workspace/ros2_ws/install/piper_gazebo/share/piper_gazebo/hook/cmake_prefix_path.ps1'
[0.713s] INFO:colcon.colcon_core.shell:Creating environment descriptor '/home/students_steeringwheel/Steeringwheel-Workspace/ros2_ws/install/piper_gazebo/share/piper_gazebo/hook/cmake_prefix_path.dsv'
[0.713s] INFO:colcon.colcon_core.shell:Creating environment hook '/home/students_steeringwheel/Steeringwheel-Workspace/ros2_ws/install/piper_gazebo/share/piper_gazebo/hook/cmake_prefix_path.sh'
[0.713s] Level 1:colcon.colcon_core.environment:checking '/home/students_steeringwheel/Steeringwheel-Workspace/ros2_ws/install/piper_gazebo/lib'
[0.713s] Level 1:colcon.colcon_core.environment:checking '/home/students_steeringwheel/Steeringwheel-Workspace/ros2_ws/install/piper_gazebo/bin'
[0.713s] Level 1:colcon.colcon_core.environment:checking '/home/students_steeringwheel/Steeringwheel-Workspace/ros2_ws/install/piper_gazebo/lib/pkgconfig/piper_gazebo.pc'
[0.714s] Level 1:colcon.colcon_core.environment:checking '/home/students_steeringwheel/Steeringwheel-Workspace/ros2_ws/install/piper_gazebo/lib/python3.10/site-packages'
[0.714s] Level 1:colcon.colcon_core.environment:checking '/home/students_steeringwheel/Steeringwheel-Workspace/ros2_ws/install/piper_gazebo/bin'
[0.714s] INFO:colcon.colcon_core.shell:Creating package script '/home/students_steeringwheel/Steeringwheel-Workspace/ros2_ws/install/piper_gazebo/share/piper_gazebo/package.ps1'
[0.714s] INFO:colcon.colcon_core.shell:Creating package descriptor '/home/students_steeringwheel/Steeringwheel-Workspace/ros2_ws/install/piper_gazebo/share/piper_gazebo/package.dsv'
[0.714s] INFO:colcon.colcon_core.shell:Creating package script '/home/students_steeringwheel/Steeringwheel-Workspace/ros2_ws/install/piper_gazebo/share/piper_gazebo/package.sh'
[0.715s] INFO:colcon.colcon_core.shell:Creating package script '/home/students_steeringwheel/Steeringwheel-Workspace/ros2_ws/install/piper_gazebo/share/piper_gazebo/package.bash'
[0.715s] INFO:colcon.colcon_core.shell:Creating package script '/home/students_steeringwheel/Steeringwheel-Workspace/ros2_ws/install/piper_gazebo/share/piper_gazebo/package.zsh'
[0.715s] Level 1:colcon.colcon_core.environment:create_file_with_runtime_dependencies(/home/students_steeringwheel/Steeringwheel-Workspace/ros2_ws/install/piper_gazebo/share/colcon-core/packages/piper_gazebo)
[0.716s] DEBUG:colcon.colcon_core.event_handler.log_command:Invoked command in '/home/students_steeringwheel/Steeringwheel-Workspace/ros2_ws/build/piper_with_gripper_moveit' returned '0': AMENT_PREFIX_PATH=/home/students_steeringwheel/Steeringwheel-Workspace/ros2_ws/install/piper_description:${AMENT_PREFIX_PATH} CMAKE_PREFIX_PATH=/home/students_steeringwheel/Steeringwheel-Workspace/ros2_ws/install/piper_description:/opt/ros/humble PS1=(ros2_env) \[\e]0;\u@\h: \w\a\]${debian_chroot:+($debian_chroot)}\[\033[01;32m\]\u@\h\[\033[00m\]:\[\033[01;34m\]\w\[\033[00m\]\$ VIRTUAL_ENV_PROMPT=(ros2_env) /usr/bin/cmake /home/students_steeringwheel/Steeringwheel-Workspace/ros2_ws/src/piper_ros/src/piper_moveit/piper_with_gripper_moveit -DCMAKE_INSTALL_PREFIX=/home/students_steeringwheel/Steeringwheel-Workspace/ros2_ws/install/piper_with_gripper_moveit
[0.717s] DEBUG:colcon.colcon_core.event_handler.log_command:Invoking command in '/home/students_steeringwheel/Steeringwheel-Workspace/ros2_ws/build/piper_with_gripper_moveit': AMENT_PREFIX_PATH=/home/students_steeringwheel/Steeringwheel-Workspace/ros2_ws/install/piper_description:${AMENT_PREFIX_PATH} CMAKE_PREFIX_PATH=/home/students_steeringwheel/Steeringwheel-Workspace/ros2_ws/install/piper_description:/opt/ros/humble PS1=(ros2_env) \[\e]0;\u@\h: \w\a\]${debian_chroot:+($debian_chroot)}\[\033[01;32m\]\u@\h\[\033[00m\]:\[\033[01;34m\]\w\[\033[00m\]\$ VIRTUAL_ENV_PROMPT=(ros2_env) /usr/bin/cmake --build /home/students_steeringwheel/Steeringwheel-Workspace/ros2_ws/build/piper_with_gripper_moveit -- -j32 -l32
[0.717s] DEBUG:colcon.colcon_core.event_handler.log_command:Invoked command in '/home/students_steeringwheel/Steeringwheel-Workspace/ros2_ws/build/piper_no_gripper_moveit' returned '0': AMENT_PREFIX_PATH=/home/students_steeringwheel/Steeringwheel-Workspace/ros2_ws/install/piper_description:${AMENT_PREFIX_PATH} CMAKE_PREFIX_PATH=/home/students_steeringwheel/Steeringwheel-Workspace/ros2_ws/install/piper_description:/opt/ros/humble PS1=(ros2_env) \[\e]0;\u@\h: \w\a\]${debian_chroot:+($debian_chroot)}\[\033[01;32m\]\u@\h\[\033[00m\]:\[\033[01;34m\]\w\[\033[00m\]\$ VIRTUAL_ENV_PROMPT=(ros2_env) /usr/bin/cmake /home/students_steeringwheel/Steeringwheel-Workspace/ros2_ws/src/piper_ros/src/piper_moveit/piper_no_gripper_moveit -DCMAKE_INSTALL_PREFIX=/home/students_steeringwheel/Steeringwheel-Workspace/ros2_ws/install/piper_no_gripper_moveit
[0.718s] DEBUG:colcon.colcon_core.event_handler.log_command:Invoking command in '/home/students_steeringwheel/Steeringwheel-Workspace/ros2_ws/build/piper_no_gripper_moveit': AMENT_PREFIX_PATH=/home/students_steeringwheel/Steeringwheel-Workspace/ros2_ws/install/piper_description:${AMENT_PREFIX_PATH} CMAKE_PREFIX_PATH=/home/students_steeringwheel/Steeringwheel-Workspace/ros2_ws/install/piper_description:/opt/ros/humble PS1=(ros2_env) \[\e]0;\u@\h: \w\a\]${debian_chroot:+($debian_chroot)}\[\033[01;32m\]\u@\h\[\033[00m\]:\[\033[01;34m\]\w\[\033[00m\]\$ VIRTUAL_ENV_PROMPT=(ros2_env) /usr/bin/cmake --build /home/students_steeringwheel/Steeringwheel-Workspace/ros2_ws/build/piper_no_gripper_moveit -- -j32 -l32
[0.729s] DEBUG:colcon.colcon_core.event_handler.log_command:Invoked command in '/home/students_steeringwheel/Steeringwheel-Workspace/ros2_ws/build/piper_with_gripper_moveit' returned '0': AMENT_PREFIX_PATH=/home/students_steeringwheel/Steeringwheel-Workspace/ros2_ws/install/piper_description:${AMENT_PREFIX_PATH} CMAKE_PREFIX_PATH=/home/students_steeringwheel/Steeringwheel-Workspace/ros2_ws/install/piper_description:/opt/ros/humble PS1=(ros2_env) \[\e]0;\u@\h: \w\a\]${debian_chroot:+($debian_chroot)}\[\033[01;32m\]\u@\h\[\033[00m\]:\[\033[01;34m\]\w\[\033[00m\]\$ VIRTUAL_ENV_PROMPT=(ros2_env) /usr/bin/cmake --build /home/students_steeringwheel/Steeringwheel-Workspace/ros2_ws/build/piper_with_gripper_moveit -- -j32 -l32
[0.730s] DEBUG:colcon.colcon_core.event_handler.log_command:Invoking command in '/home/students_steeringwheel/Steeringwheel-Workspace/ros2_ws/build/piper_with_gripper_moveit': AMENT_PREFIX_PATH=/home/students_steeringwheel/Steeringwheel-Workspace/ros2_ws/install/piper_description:${AMENT_PREFIX_PATH} CMAKE_PREFIX_PATH=/home/students_steeringwheel/Steeringwheel-Workspace/ros2_ws/install/piper_description:/opt/ros/humble PS1=(ros2_env) \[\e]0;\u@\h: \w\a\]${debian_chroot:+($debian_chroot)}\[\033[01;32m\]\u@\h\[\033[00m\]:\[\033[01;34m\]\w\[\033[00m\]\$ VIRTUAL_ENV_PROMPT=(ros2_env) /usr/bin/cmake --install /home/students_steeringwheel/Steeringwheel-Workspace/ros2_ws/build/piper_with_gripper_moveit
[0.731s] DEBUG:colcon.colcon_core.event_handler.log_command:Invoked command in '/home/students_steeringwheel/Steeringwheel-Workspace/ros2_ws/build/piper_no_gripper_moveit' returned '0': AMENT_PREFIX_PATH=/home/students_steeringwheel/Steeringwheel-Workspace/ros2_ws/install/piper_description:${AMENT_PREFIX_PATH} CMAKE_PREFIX_PATH=/home/students_steeringwheel/Steeringwheel-Workspace/ros2_ws/install/piper_description:/opt/ros/humble PS1=(ros2_env) \[\e]0;\u@\h: \w\a\]${debian_chroot:+($debian_chroot)}\[\033[01;32m\]\u@\h\[\033[00m\]:\[\033[01;34m\]\w\[\033[00m\]\$ VIRTUAL_ENV_PROMPT=(ros2_env) /usr/bin/cmake --build /home/students_steeringwheel/Steeringwheel-Workspace/ros2_ws/build/piper_no_gripper_moveit -- -j32 -l32
[0.731s] DEBUG:colcon.colcon_core.event_handler.log_command:Invoking command in '/home/students_steeringwheel/Steeringwheel-Workspace/ros2_ws/build/piper_no_gripper_moveit': AMENT_PREFIX_PATH=/home/students_steeringwheel/Steeringwheel-Workspace/ros2_ws/install/piper_description:${AMENT_PREFIX_PATH} CMAKE_PREFIX_PATH=/home/students_steeringwheel/Steeringwheel-Workspace/ros2_ws/install/piper_description:/opt/ros/humble PS1=(ros2_env) \[\e]0;\u@\h: \w\a\]${debian_chroot:+($debian_chroot)}\[\033[01;32m\]\u@\h\[\033[00m\]:\[\033[01;34m\]\w\[\033[00m\]\$ VIRTUAL_ENV_PROMPT=(ros2_env) /usr/bin/cmake --install /home/students_steeringwheel/Steeringwheel-Workspace/ros2_ws/build/piper_no_gripper_moveit
[0.736s] Level 1:colcon.colcon_core.environment:create_environment_scripts_only(piper_with_gripper_moveit)
[0.736s] Level 1:colcon.colcon_core.environment:checking '/home/students_steeringwheel/Steeringwheel-Workspace/ros2_ws/install/piper_with_gripper_moveit' for CMake module files
[0.736s] DEBUG:colcon.colcon_core.event_handler.log_command:Invoked command in '/home/students_steeringwheel/Steeringwheel-Workspace/ros2_ws/build/piper_with_gripper_moveit' returned '0': AMENT_PREFIX_PATH=/home/students_steeringwheel/Steeringwheel-Workspace/ros2_ws/install/piper_description:${AMENT_PREFIX_PATH} CMAKE_PREFIX_PATH=/home/students_steeringwheel/Steeringwheel-Workspace/ros2_ws/install/piper_description:/opt/ros/humble PS1=(ros2_env) \[\e]0;\u@\h: \w\a\]${debian_chroot:+($debian_chroot)}\[\033[01;32m\]\u@\h\[\033[00m\]:\[\033[01;34m\]\w\[\033[00m\]\$ VIRTUAL_ENV_PROMPT=(ros2_env) /usr/bin/cmake --install /home/students_steeringwheel/Steeringwheel-Workspace/ros2_ws/build/piper_with_gripper_moveit
[0.737s] Level 1:colcon.colcon_core.environment:checking '/home/students_steeringwheel/Steeringwheel-Workspace/ros2_ws/install/piper_with_gripper_moveit' for CMake config files
[0.737s] Level 1:colcon.colcon_core.shell:create_environment_hook('piper_with_gripper_moveit', 'cmake_prefix_path')
[0.737s] INFO:colcon.colcon_core.shell:Creating environment hook '/home/students_steeringwheel/Steeringwheel-Workspace/ros2_ws/install/piper_with_gripper_moveit/share/piper_with_gripper_moveit/hook/cmake_prefix_path.ps1'
[0.737s] INFO:colcon.colcon_core.shell:Creating environment descriptor '/home/students_steeringwheel/Steeringwheel-Workspace/ros2_ws/install/piper_with_gripper_moveit/share/piper_with_gripper_moveit/hook/cmake_prefix_path.dsv'
[0.737s] INFO:colcon.colcon_core.shell:Creating environment hook '/home/students_steeringwheel/Steeringwheel-Workspace/ros2_ws/install/piper_with_gripper_moveit/share/piper_with_gripper_moveit/hook/cmake_prefix_path.sh'
[0.738s] Level 1:colcon.colcon_core.environment:checking '/home/students_steeringwheel/Steeringwheel-Workspace/ros2_ws/install/piper_with_gripper_moveit/bin'
[0.738s] Level 1:colcon.colcon_core.environment:checking '/home/students_steeringwheel/Steeringwheel-Workspace/ros2_ws/install/piper_with_gripper_moveit/lib/pkgconfig/piper_with_gripper_moveit.pc'
[0.738s] Level 1:colcon.colcon_core.environment:checking '/home/students_steeringwheel/Steeringwheel-Workspace/ros2_ws/install/piper_with_gripper_moveit/lib/python3.10/site-packages'
[0.738s] Level 1:colcon.colcon_core.environment:checking '/home/students_steeringwheel/Steeringwheel-Workspace/ros2_ws/install/piper_with_gripper_moveit/bin'
[0.738s] INFO:colcon.colcon_core.shell:Creating package script '/home/students_steeringwheel/Steeringwheel-Workspace/ros2_ws/install/piper_with_gripper_moveit/share/piper_with_gripper_moveit/package.ps1'
[0.738s] INFO:colcon.colcon_core.shell:Creating package descriptor '/home/students_steeringwheel/Steeringwheel-Workspace/ros2_ws/install/piper_with_gripper_moveit/share/piper_with_gripper_moveit/package.dsv'
[0.739s] INFO:colcon.colcon_core.shell:Creating package script '/home/students_steeringwheel/Steeringwheel-Workspace/ros2_ws/install/piper_with_gripper_moveit/share/piper_with_gripper_moveit/package.sh'
[0.739s] INFO:colcon.colcon_core.shell:Creating package script '/home/students_steeringwheel/Steeringwheel-Workspace/ros2_ws/install/piper_with_gripper_moveit/share/piper_with_gripper_moveit/package.bash'
[0.739s] INFO:colcon.colcon_core.shell:Creating package script '/home/students_steeringwheel/Steeringwheel-Workspace/ros2_ws/install/piper_with_gripper_moveit/share/piper_with_gripper_moveit/package.zsh'
[0.739s] Level 1:colcon.colcon_core.environment:create_file_with_runtime_dependencies(/home/students_steeringwheel/Steeringwheel-Workspace/ros2_ws/install/piper_with_gripper_moveit/share/colcon-core/packages/piper_with_gripper_moveit)
[0.740s] Level 1:colcon.colcon_core.environment:create_environment_scripts_only(piper_with_gripper_moveit)
[0.740s] Level 1:colcon.colcon_core.environment:checking '/home/students_steeringwheel/Steeringwheel-Workspace/ros2_ws/install/piper_with_gripper_moveit' for CMake module files
[0.740s] Level 1:colcon.colcon_core.environment:checking '/home/students_steeringwheel/Steeringwheel-Workspace/ros2_ws/install/piper_with_gripper_moveit' for CMake config files
[0.740s] Level 1:colcon.colcon_core.shell:create_environment_hook('piper_with_gripper_moveit', 'cmake_prefix_path')
[0.740s] INFO:colcon.colcon_core.shell:Creating environment hook '/home/students_steeringwheel/Steeringwheel-Workspace/ros2_ws/install/piper_with_gripper_moveit/share/piper_with_gripper_moveit/hook/cmake_prefix_path.ps1'
[0.740s] INFO:colcon.colcon_core.shell:Creating environment descriptor '/home/students_steeringwheel/Steeringwheel-Workspace/ros2_ws/install/piper_with_gripper_moveit/share/piper_with_gripper_moveit/hook/cmake_prefix_path.dsv'
[0.741s] INFO:colcon.colcon_core.shell:Creating environment hook '/home/students_steeringwheel/Steeringwheel-Workspace/ros2_ws/install/piper_with_gripper_moveit/share/piper_with_gripper_moveit/hook/cmake_prefix_path.sh'
[0.741s] Level 1:colcon.colcon_core.environment:checking '/home/students_steeringwheel/Steeringwheel-Workspace/ros2_ws/install/piper_with_gripper_moveit/bin'
[0.741s] Level 1:colcon.colcon_core.environment:checking '/home/students_steeringwheel/Steeringwheel-Workspace/ros2_ws/install/piper_with_gripper_moveit/lib/pkgconfig/piper_with_gripper_moveit.pc'
[0.741s] Level 1:colcon.colcon_core.environment:checking '/home/students_steeringwheel/Steeringwheel-Workspace/ros2_ws/install/piper_with_gripper_moveit/lib/python3.10/site-packages'
[0.741s] Level 1:colcon.colcon_core.environment:checking '/home/students_steeringwheel/Steeringwheel-Workspace/ros2_ws/install/piper_with_gripper_moveit/bin'
[0.741s] INFO:colcon.colcon_core.shell:Creating package script '/home/students_steeringwheel/Steeringwheel-Workspace/ros2_ws/install/piper_with_gripper_moveit/share/piper_with_gripper_moveit/package.ps1'
[0.742s] INFO:colcon.colcon_core.shell:Creating package descriptor '/home/students_steeringwheel/Steeringwheel-Workspace/ros2_ws/install/piper_with_gripper_moveit/share/piper_with_gripper_moveit/package.dsv'
[0.742s] INFO:colcon.colcon_core.shell:Creating package script '/home/students_steeringwheel/Steeringwheel-Workspace/ros2_ws/install/piper_with_gripper_moveit/share/piper_with_gripper_moveit/package.sh'
[0.742s] INFO:colcon.colcon_core.shell:Creating package script '/home/students_steeringwheel/Steeringwheel-Workspace/ros2_ws/install/piper_with_gripper_moveit/share/piper_with_gripper_moveit/package.bash'
[0.742s] INFO:colcon.colcon_core.shell:Creating package script '/home/students_steeringwheel/Steeringwheel-Workspace/ros2_ws/install/piper_with_gripper_moveit/share/piper_with_gripper_moveit/package.zsh'
[0.743s] Level 1:colcon.colcon_core.environment:create_file_with_runtime_dependencies(/home/students_steeringwheel/Steeringwheel-Workspace/ros2_ws/install/piper_with_gripper_moveit/share/colcon-core/packages/piper_with_gripper_moveit)
[0.743s] Level 1:colcon.colcon_core.environment:create_environment_scripts_only(piper_no_gripper_moveit)
[0.744s] Level 1:colcon.colcon_core.environment:checking '/home/students_steeringwheel/Steeringwheel-Workspace/ros2_ws/install/piper_no_gripper_moveit' for CMake module files
[0.744s] DEBUG:colcon.colcon_core.event_handler.log_command:Invoked command in '/home/students_steeringwheel/Steeringwheel-Workspace/ros2_ws/build/piper_no_gripper_moveit' returned '0': AMENT_PREFIX_PATH=/home/students_steeringwheel/Steeringwheel-Workspace/ros2_ws/install/piper_description:${AMENT_PREFIX_PATH} CMAKE_PREFIX_PATH=/home/students_steeringwheel/Steeringwheel-Workspace/ros2_ws/install/piper_description:/opt/ros/humble PS1=(ros2_env) \[\e]0;\u@\h: \w\a\]${debian_chroot:+($debian_chroot)}\[\033[01;32m\]\u@\h\[\033[00m\]:\[\033[01;34m\]\w\[\033[00m\]\$ VIRTUAL_ENV_PROMPT=(ros2_env) /usr/bin/cmake --install /home/students_steeringwheel/Steeringwheel-Workspace/ros2_ws/build/piper_no_gripper_moveit
[0.744s] Level 1:colcon.colcon_core.environment:checking '/home/students_steeringwheel/Steeringwheel-Workspace/ros2_ws/install/piper_no_gripper_moveit' for CMake config files
[0.744s] Level 1:colcon.colcon_core.shell:create_environment_hook('piper_no_gripper_moveit', 'cmake_prefix_path')
[0.744s] INFO:colcon.colcon_core.shell:Creating environment hook '/home/students_steeringwheel/Steeringwheel-Workspace/ros2_ws/install/piper_no_gripper_moveit/share/piper_no_gripper_moveit/hook/cmake_prefix_path.ps1'
[0.744s] INFO:colcon.colcon_core.shell:Creating environment descriptor '/home/students_steeringwheel/Steeringwheel-Workspace/ros2_ws/install/piper_no_gripper_moveit/share/piper_no_gripper_moveit/hook/cmake_prefix_path.dsv'
[0.745s] INFO:colcon.colcon_core.shell:Creating environment hook '/home/students_steeringwheel/Steeringwheel-Workspace/ros2_ws/install/piper_no_gripper_moveit/share/piper_no_gripper_moveit/hook/cmake_prefix_path.sh'
[0.745s] Level 1:colcon.colcon_core.environment:checking '/home/students_steeringwheel/Steeringwheel-Workspace/ros2_ws/install/piper_no_gripper_moveit/bin'
[0.745s] Level 1:colcon.colcon_core.environment:checking '/home/students_steeringwheel/Steeringwheel-Workspace/ros2_ws/install/piper_no_gripper_moveit/lib/pkgconfig/piper_no_gripper_moveit.pc'
[0.745s] Level 1:colcon.colcon_core.environment:checking '/home/students_steeringwheel/Steeringwheel-Workspace/ros2_ws/install/piper_no_gripper_moveit/lib/python3.10/site-packages'
[0.745s] Level 1:colcon.colcon_core.environment:checking '/home/students_steeringwheel/Steeringwheel-Workspace/ros2_ws/install/piper_no_gripper_moveit/bin'
[0.745s] INFO:colcon.colcon_core.shell:Creating package script '/home/students_steeringwheel/Steeringwheel-Workspace/ros2_ws/install/piper_no_gripper_moveit/share/piper_no_gripper_moveit/package.ps1'
[0.746s] INFO:colcon.colcon_core.shell:Creating package descriptor '/home/students_steeringwheel/Steeringwheel-Workspace/ros2_ws/install/piper_no_gripper_moveit/share/piper_no_gripper_moveit/package.dsv'
[0.746s] INFO:colcon.colcon_core.shell:Creating package script '/home/students_steeringwheel/Steeringwheel-Workspace/ros2_ws/install/piper_no_gripper_moveit/share/piper_no_gripper_moveit/package.sh'
[0.746s] INFO:colcon.colcon_core.shell:Creating package script '/home/students_steeringwheel/Steeringwheel-Workspace/ros2_ws/install/piper_no_gripper_moveit/share/piper_no_gripper_moveit/package.bash'
[0.747s] INFO:colcon.colcon_core.shell:Creating package script '/home/students_steeringwheel/Steeringwheel-Workspace/ros2_ws/install/piper_no_gripper_moveit/share/piper_no_gripper_moveit/package.zsh'
[0.747s] Level 1:colcon.colcon_core.environment:create_file_with_runtime_dependencies(/home/students_steeringwheel/Steeringwheel-Workspace/ros2_ws/install/piper_no_gripper_moveit/share/colcon-core/packages/piper_no_gripper_moveit)
[0.747s] Level 1:colcon.colcon_core.environment:create_environment_scripts_only(piper_no_gripper_moveit)
[0.747s] Level 1:colcon.colcon_core.environment:checking '/home/students_steeringwheel/Steeringwheel-Workspace/ros2_ws/install/piper_no_gripper_moveit' for CMake module files
[0.747s] Level 1:colcon.colcon_core.environment:checking '/home/students_steeringwheel/Steeringwheel-Workspace/ros2_ws/install/piper_no_gripper_moveit' for CMake config files
[0.747s] Level 1:colcon.colcon_core.shell:create_environment_hook('piper_no_gripper_moveit', 'cmake_prefix_path')
[0.747s] INFO:colcon.colcon_core.shell:Creating environment hook '/home/students_steeringwheel/Steeringwheel-Workspace/ros2_ws/install/piper_no_gripper_moveit/share/piper_no_gripper_moveit/hook/cmake_prefix_path.ps1'
[0.748s] INFO:colcon.colcon_core.shell:Creating environment descriptor '/home/students_steeringwheel/Steeringwheel-Workspace/ros2_ws/install/piper_no_gripper_moveit/share/piper_no_gripper_moveit/hook/cmake_prefix_path.dsv'
[0.748s] INFO:colcon.colcon_core.shell:Creating environment hook '/home/students_steeringwheel/Steeringwheel-Workspace/ros2_ws/install/piper_no_gripper_moveit/share/piper_no_gripper_moveit/hook/cmake_prefix_path.sh'
[0.748s] Level 1:colcon.colcon_core.environment:checking '/home/students_steeringwheel/Steeringwheel-Workspace/ros2_ws/install/piper_no_gripper_moveit/bin'
[0.748s] Level 1:colcon.colcon_core.environment:checking '/home/students_steeringwheel/Steeringwheel-Workspace/ros2_ws/install/piper_no_gripper_moveit/lib/pkgconfig/piper_no_gripper_moveit.pc'
[0.748s] Level 1:colcon.colcon_core.environment:checking '/home/students_steeringwheel/Steeringwheel-Workspace/ros2_ws/install/piper_no_gripper_moveit/lib/python3.10/site-packages'
[0.749s] Level 1:colcon.colcon_core.environment:checking '/home/students_steeringwheel/Steeringwheel-Workspace/ros2_ws/install/piper_no_gripper_moveit/bin'
[0.749s] INFO:colcon.colcon_core.shell:Creating package script '/home/students_steeringwheel/Steeringwheel-Workspace/ros2_ws/install/piper_no_gripper_moveit/share/piper_no_gripper_moveit/package.ps1'
[0.749s] INFO:colcon.colcon_core.shell:Creating package descriptor '/home/students_steeringwheel/Steeringwheel-Workspace/ros2_ws/install/piper_no_gripper_moveit/share/piper_no_gripper_moveit/package.dsv'
[0.749s] INFO:colcon.colcon_core.shell:Creating package script '/home/students_steeringwheel/Steeringwheel-Workspace/ros2_ws/install/piper_no_gripper_moveit/share/piper_no_gripper_moveit/package.sh'
[0.750s] INFO:colcon.colcon_core.shell:Creating package script '/home/students_steeringwheel/Steeringwheel-Workspace/ros2_ws/install/piper_no_gripper_moveit/share/piper_no_gripper_moveit/package.bash'
[0.750s] INFO:colcon.colcon_core.shell:Creating package script '/home/students_steeringwheel/Steeringwheel-Workspace/ros2_ws/install/piper_no_gripper_moveit/share/piper_no_gripper_moveit/package.zsh'
[0.750s] Level 1:colcon.colcon_core.environment:create_file_with_runtime_dependencies(/home/students_steeringwheel/Steeringwheel-Workspace/ros2_ws/install/piper_no_gripper_moveit/share/colcon-core/packages/piper_no_gripper_moveit)
[0.753s] DEBUG:colcon.colcon_core.event_handler.log_command:Invoked command in '/home/students_steeringwheel/Steeringwheel-Workspace/ros2_ws/build/piper_mujoco' returned '0': CMAKE_PREFIX_PATH=/opt/ros/humble PS1=(ros2_env) \[\e]0;\u@\h: \w\a\]${debian_chroot:+($debian_chroot)}\[\033[01;32m\]\u@\h\[\033[00m\]:\[\033[01;34m\]\w\[\033[00m\]\$ VIRTUAL_ENV_PROMPT=(ros2_env) /usr/bin/cmake /home/students_steeringwheel/Steeringwheel-Workspace/ros2_ws/src/piper_ros/src/piper_sim/piper_mujoco -DCMAKE_INSTALL_PREFIX=/home/students_steeringwheel/Steeringwheel-Workspace/ros2_ws/install/piper_mujoco
[0.754s] DEBUG:colcon.colcon_core.event_handler.log_command:Invoking command in '/home/students_steeringwheel/Steeringwheel-Workspace/ros2_ws/build/piper_mujoco': CMAKE_PREFIX_PATH=/opt/ros/humble PS1=(ros2_env) \[\e]0;\u@\h: \w\a\]${debian_chroot:+($debian_chroot)}\[\033[01;32m\]\u@\h\[\033[00m\]:\[\033[01;34m\]\w\[\033[00m\]\$ VIRTUAL_ENV_PROMPT=(ros2_env) /usr/bin/cmake --build /home/students_steeringwheel/Steeringwheel-Workspace/ros2_ws/build/piper_mujoco -- -j32 -l32
[0.765s] DEBUG:colcon.colcon_core.event_handler.log_command:Invoked command in '/home/students_steeringwheel/Steeringwheel-Workspace/ros2_ws/build/piper_mujoco' returned '0': CMAKE_PREFIX_PATH=/opt/ros/humble PS1=(ros2_env) \[\e]0;\u@\h: \w\a\]${debian_chroot:+($debian_chroot)}\[\033[01;32m\]\u@\h\[\033[00m\]:\[\033[01;34m\]\w\[\033[00m\]\$ VIRTUAL_ENV_PROMPT=(ros2_env) /usr/bin/cmake --build /home/students_steeringwheel/Steeringwheel-Workspace/ros2_ws/build/piper_mujoco -- -j32 -l32
[0.766s] DEBUG:colcon.colcon_core.event_handler.log_command:Invoking command in '/home/students_steeringwheel/Steeringwheel-Workspace/ros2_ws/build/piper_mujoco': CMAKE_PREFIX_PATH=/opt/ros/humble PS1=(ros2_env) \[\e]0;\u@\h: \w\a\]${debian_chroot:+($debian_chroot)}\[\033[01;32m\]\u@\h\[\033[00m\]:\[\033[01;34m\]\w\[\033[00m\]\$ VIRTUAL_ENV_PROMPT=(ros2_env) /usr/bin/cmake --install /home/students_steeringwheel/Steeringwheel-Workspace/ros2_ws/build/piper_mujoco
[0.770s] Level 1:colcon.colcon_core.environment:create_environment_scripts_only(piper_mujoco)
[0.770s] DEBUG:colcon.colcon_core.event_handler.log_command:Invoked command in '/home/students_steeringwheel/Steeringwheel-Workspace/ros2_ws/build/piper_mujoco' returned '0': CMAKE_PREFIX_PATH=/opt/ros/humble PS1=(ros2_env) \[\e]0;\u@\h: \w\a\]${debian_chroot:+($debian_chroot)}\[\033[01;32m\]\u@\h\[\033[00m\]:\[\033[01;34m\]\w\[\033[00m\]\$ VIRTUAL_ENV_PROMPT=(ros2_env) /usr/bin/cmake --install /home/students_steeringwheel/Steeringwheel-Workspace/ros2_ws/build/piper_mujoco
[0.770s] Level 1:colcon.colcon_core.environment:checking '/home/students_steeringwheel/Steeringwheel-Workspace/ros2_ws/install/piper_mujoco' for CMake module files
[0.771s] Level 1:colcon.colcon_core.environment:checking '/home/students_steeringwheel/Steeringwheel-Workspace/ros2_ws/install/piper_mujoco' for CMake config files
[0.771s] Level 1:colcon.colcon_core.shell:create_environment_hook('piper_mujoco', 'cmake_prefix_path')
[0.771s] INFO:colcon.colcon_core.shell:Creating environment hook '/home/students_steeringwheel/Steeringwheel-Workspace/ros2_ws/install/piper_mujoco/share/piper_mujoco/hook/cmake_prefix_path.ps1'
[0.771s] INFO:colcon.colcon_core.shell:Creating environment descriptor '/home/students_steeringwheel/Steeringwheel-Workspace/ros2_ws/install/piper_mujoco/share/piper_mujoco/hook/cmake_prefix_path.dsv'
[0.772s] INFO:colcon.colcon_core.shell:Creating environment hook '/home/students_steeringwheel/Steeringwheel-Workspace/ros2_ws/install/piper_mujoco/share/piper_mujoco/hook/cmake_prefix_path.sh'
[0.772s] Level 1:colcon.colcon_core.environment:checking '/home/students_steeringwheel/Steeringwheel-Workspace/ros2_ws/install/piper_mujoco/lib'
[0.772s] Level 1:colcon.colcon_core.environment:checking '/home/students_steeringwheel/Steeringwheel-Workspace/ros2_ws/install/piper_mujoco/bin'
[0.772s] Level 1:colcon.colcon_core.environment:checking '/home/students_steeringwheel/Steeringwheel-Workspace/ros2_ws/install/piper_mujoco/lib/pkgconfig/piper_mujoco.pc'
[0.772s] Level 1:colcon.colcon_core.environment:checking '/home/students_steeringwheel/Steeringwheel-Workspace/ros2_ws/install/piper_mujoco/lib/python3.10/site-packages'
[0.772s] Level 1:colcon.colcon_core.environment:checking '/home/students_steeringwheel/Steeringwheel-Workspace/ros2_ws/install/piper_mujoco/bin'
[0.773s] INFO:colcon.colcon_core.shell:Creating package script '/home/students_steeringwheel/Steeringwheel-Workspace/ros2_ws/install/piper_mujoco/share/piper_mujoco/package.ps1'
[0.773s] INFO:colcon.colcon_core.shell:Creating package descriptor '/home/students_steeringwheel/Steeringwheel-Workspace/ros2_ws/install/piper_mujoco/share/piper_mujoco/package.dsv'
[0.773s] INFO:colcon.colcon_core.shell:Creating package script '/home/students_steeringwheel/Steeringwheel-Workspace/ros2_ws/install/piper_mujoco/share/piper_mujoco/package.sh'
[0.773s] INFO:colcon.colcon_core.shell:Creating package script '/home/students_steeringwheel/Steeringwheel-Workspace/ros2_ws/install/piper_mujoco/share/piper_mujoco/package.bash'
[0.774s] INFO:colcon.colcon_core.shell:Creating package script '/home/students_steeringwheel/Steeringwheel-Workspace/ros2_ws/install/piper_mujoco/share/piper_mujoco/package.zsh'
[0.775s] Level 1:colcon.colcon_core.environment:create_file_with_runtime_dependencies(/home/students_steeringwheel/Steeringwheel-Workspace/ros2_ws/install/piper_mujoco/share/colcon-core/packages/piper_mujoco)
[0.776s] Level 1:colcon.colcon_core.environment:create_environment_scripts_only(piper_mujoco)
[0.776s] Level 1:colcon.colcon_core.environment:checking '/home/students_steeringwheel/Steeringwheel-Workspace/ros2_ws/install/piper_mujoco' for CMake module files
[0.776s] Level 1:colcon.colcon_core.environment:checking '/home/students_steeringwheel/Steeringwheel-Workspace/ros2_ws/install/piper_mujoco' for CMake config files
[0.776s] Level 1:colcon.colcon_core.shell:create_environment_hook('piper_mujoco', 'cmake_prefix_path')
[0.776s] INFO:colcon.colcon_core.shell:Creating environment hook '/home/students_steeringwheel/Steeringwheel-Workspace/ros2_ws/install/piper_mujoco/share/piper_mujoco/hook/cmake_prefix_path.ps1'
[0.777s] INFO:colcon.colcon_core.shell:Creating environment descriptor '/home/students_steeringwheel/Steeringwheel-Workspace/ros2_ws/install/piper_mujoco/share/piper_mujoco/hook/cmake_prefix_path.dsv'
[0.777s] INFO:colcon.colcon_core.shell:Creating environment hook '/home/students_steeringwheel/Steeringwheel-Workspace/ros2_ws/install/piper_mujoco/share/piper_mujoco/hook/cmake_prefix_path.sh'
[0.777s] Level 1:colcon.colcon_core.environment:checking '/home/students_steeringwheel/Steeringwheel-Workspace/ros2_ws/install/piper_mujoco/lib'
[0.777s] Level 1:colcon.colcon_core.environment:checking '/home/students_steeringwheel/Steeringwheel-Workspace/ros2_ws/install/piper_mujoco/bin'
[0.777s] Level 1:colcon.colcon_core.environment:checking '/home/students_steeringwheel/Steeringwheel-Workspace/ros2_ws/install/piper_mujoco/lib/pkgconfig/piper_mujoco.pc'
[0.777s] Level 1:colcon.colcon_core.environment:checking '/home/students_steeringwheel/Steeringwheel-Workspace/ros2_ws/install/piper_mujoco/lib/python3.10/site-packages'
[0.777s] Level 1:colcon.colcon_core.environment:checking '/home/students_steeringwheel/Steeringwheel-Workspace/ros2_ws/install/piper_mujoco/bin'
[0.778s] INFO:colcon.colcon_core.shell:Creating package script '/home/students_steeringwheel/Steeringwheel-Workspace/ros2_ws/install/piper_mujoco/share/piper_mujoco/package.ps1'
[0.778s] INFO:colcon.colcon_core.shell:Creating package descriptor '/home/students_steeringwheel/Steeringwheel-Workspace/ros2_ws/install/piper_mujoco/share/piper_mujoco/package.dsv'
[0.778s] INFO:colcon.colcon_core.shell:Creating package script '/home/students_steeringwheel/Steeringwheel-Workspace/ros2_ws/install/piper_mujoco/share/piper_mujoco/package.sh'
[0.778s] INFO:colcon.colcon_core.shell:Creating package script '/home/students_steeringwheel/Steeringwheel-Workspace/ros2_ws/install/piper_mujoco/share/piper_mujoco/package.bash'
[0.779s] INFO:colcon.colcon_core.shell:Creating package script '/home/students_steeringwheel/Steeringwheel-Workspace/ros2_ws/install/piper_mujoco/share/piper_mujoco/package.zsh'
[0.779s] Level 1:colcon.colcon_core.environment:create_file_with_runtime_dependencies(/home/students_steeringwheel/Steeringwheel-Workspace/ros2_ws/install/piper_mujoco/share/colcon-core/packages/piper_mujoco)
[0.780s] DEBUG:colcon.colcon_core.event_handler.log_command:Invoked command in '/home/students_steeringwheel/Steeringwheel-Workspace/ros2_ws/build/piper_msgs' returned '1': CMAKE_PREFIX_PATH=/opt/ros/humble PS1=(ros2_env) \[\e]0;\u@\h: \w\a\]${debian_chroot:+($debian_chroot)}\[\033[01;32m\]\u@\h\[\033[00m\]:\[\033[01;34m\]\w\[\033[00m\]\$ VIRTUAL_ENV_PROMPT=(ros2_env) /usr/bin/cmake /home/students_steeringwheel/Steeringwheel-Workspace/ros2_ws/src/piper_ros/src/piper_msgs -DCMAKE_INSTALL_PREFIX=/home/students_steeringwheel/Steeringwheel-Workspace/ros2_ws/install/piper_msgs
[0.784s] Level 1:colcon.colcon_core.environment:create_environment_scripts_only(piper_msgs)
[0.784s] Level 1:colcon.colcon_core.environment:checking '/home/students_steeringwheel/Steeringwheel-Workspace/ros2_ws/install/piper_msgs' for CMake module files
[0.784s] Level 1:colcon.colcon_core.environment:checking '/home/students_steeringwheel/Steeringwheel-Workspace/ros2_ws/install/piper_msgs' for CMake config files
[0.784s] Level 1:colcon.colcon_core.environment:checking '/home/students_steeringwheel/Steeringwheel-Workspace/ros2_ws/install/piper_msgs/bin'
[0.784s] Level 1:colcon.colcon_core.environment:checking '/home/students_steeringwheel/Steeringwheel-Workspace/ros2_ws/install/piper_msgs/lib/pkgconfig/piper_msgs.pc'
[0.784s] Level 1:colcon.colcon_core.environment:checking '/home/students_steeringwheel/Steeringwheel-Workspace/ros2_ws/install/piper_msgs/lib/python3.10/site-packages'
[0.784s] Level 1:colcon.colcon_core.environment:checking '/home/students_steeringwheel/Steeringwheel-Workspace/ros2_ws/install/piper_msgs/bin'
[0.785s] INFO:colcon.colcon_core.shell:Creating package script '/home/students_steeringwheel/Steeringwheel-Workspace/ros2_ws/install/piper_msgs/share/piper_msgs/package.ps1'
[0.785s] INFO:colcon.colcon_core.shell:Creating package descriptor '/home/students_steeringwheel/Steeringwheel-Workspace/ros2_ws/install/piper_msgs/share/piper_msgs/package.dsv'
[0.785s] INFO:colcon.colcon_core.shell:Creating package script '/home/students_steeringwheel/Steeringwheel-Workspace/ros2_ws/install/piper_msgs/share/piper_msgs/package.sh'
[0.785s] INFO:colcon.colcon_core.shell:Creating package script '/home/students_steeringwheel/Steeringwheel-Workspace/ros2_ws/install/piper_msgs/share/piper_msgs/package.bash'
[0.786s] INFO:colcon.colcon_core.shell:Creating package script '/home/students_steeringwheel/Steeringwheel-Workspace/ros2_ws/install/piper_msgs/share/piper_msgs/package.zsh'
[0.786s] Level 1:colcon.colcon_core.environment:create_file_with_runtime_dependencies(/home/students_steeringwheel/Steeringwheel-Workspace/ros2_ws/install/piper_msgs/share/colcon-core/packages/piper_msgs)
[0.796s] DEBUG:colcon.colcon_parallel_executor.executor.parallel:closing loop
[0.796s] DEBUG:colcon.colcon_parallel_executor.executor.parallel:loop closed
[0.796s] DEBUG:colcon.colcon_parallel_executor.executor.parallel:run_until_complete finished with '1'
[0.796s] DEBUG:colcon.colcon_core.event_reactor:joining thread
[0.797s] INFO:colcon.colcon_core.plugin_system:Skipping extension 'colcon_notification.desktop_notification.notify2': 'notify2' not found
[0.797s] INFO:colcon.colcon_core.plugin_system:Skipping extension 'colcon_notification.desktop_notification.terminal_notifier': Not used on non-Darwin systems
[0.797s] INFO:colcon.colcon_core.plugin_system:Skipping extension 'colcon_notification.desktop_notification.win32': Not used on non-Windows systems
[0.797s] INFO:colcon.colcon_notification.desktop_notification:Sending desktop notification using 'notify_send'
[0.806s] DEBUG:colcon.colcon_core.event_reactor:joined thread
[0.806s] INFO:colcon.colcon_core.shell:Creating prefix script '/home/students_steeringwheel/Steeringwheel-Workspace/ros2_ws/install/local_setup.ps1'
[0.807s] INFO:colcon.colcon_core.shell:Creating prefix util module '/home/students_steeringwheel/Steeringwheel-Workspace/ros2_ws/install/_local_setup_util_ps1.py'
[0.808s] INFO:colcon.colcon_core.shell:Creating prefix chain script '/home/students_steeringwheel/Steeringwheel-Workspace/ros2_ws/install/setup.ps1'
[0.809s] INFO:colcon.colcon_core.shell:Creating prefix script '/home/students_steeringwheel/Steeringwheel-Workspace/ros2_ws/install/local_setup.sh'
[0.809s] INFO:colcon.colcon_core.shell:Creating prefix util module '/home/students_steeringwheel/Steeringwheel-Workspace/ros2_ws/install/_local_setup_util_sh.py'
[0.810s] INFO:colcon.colcon_core.shell:Creating prefix chain script '/home/students_steeringwheel/Steeringwheel-Workspace/ros2_ws/install/setup.sh'
[0.810s] INFO:colcon.colcon_core.shell:Creating prefix script '/home/students_steeringwheel/Steeringwheel-Workspace/ros2_ws/install/local_setup.bash'
[0.811s] INFO:colcon.colcon_core.shell:Creating prefix chain script '/home/students_steeringwheel/Steeringwheel-Workspace/ros2_ws/install/setup.bash'
[0.811s] INFO:colcon.colcon_core.shell:Creating prefix script '/home/students_steeringwheel/Steeringwheel-Workspace/ros2_ws/install/local_setup.zsh'
[0.812s] INFO:colcon.colcon_core.shell:Creating prefix chain script '/home/students_steeringwheel/Steeringwheel-Workspace/ros2_ws/install/setup.zsh'
