[0.057s] DEBUG:colcon:Command line arguments: ['/home/students_steeringwheel/ros2_env/bin/colcon', 'build']
[0.057s] DEBUG:colcon:Parsed command line arguments: Namespace(log_base=None, log_level=None, verb_name='build', build_base='build', install_base='install', merge_install=False, symlink_install=False, test_result_base=None, continue_on_error=False, executor='parallel', parallel_workers=32, event_handlers=None, ignore_user_meta=False, metas=['./colcon.meta'], base_paths=['.'], packages_ignore=None, packages_ignore_regex=None, paths=None, packages_up_to=None, packages_up_to_regex=None, packages_above=None, packages_above_and_dependencies=None, packages_above_depth=None, packages_select_by_dep=None, packages_skip_by_dep=None, packages_skip_up_to=None, packages_select_build_failed=False, packages_skip_build_finished=False, packages_select_test_failures=False, packages_skip_test_passed=False, packages_select=None, packages_skip=None, packages_select_regex=None, packages_skip_regex=None, packages_start=None, packages_end=None, cmake_args=None, cmake_target=None, cmake_target_skip_unavailable=False, cmake_clean_cache=False, cmake_clean_first=False, cmake_force_configure=False, ament_cmake_args=None, catkin_cmake_args=None, catkin_skip_building_tests=False, verb_parser=<colcon_defaults.argument_parser.defaults.DefaultArgumentsDecorator object at 0x713f64c23160>, verb_extension=<colcon_core.verb.build.BuildVerb object at 0x713f64c22c50>, main=<bound method BuildVerb.main of <colcon_core.verb.build.BuildVerb object at 0x713f64c22c50>>)
[0.096s] Level 1:colcon.colcon_core.package_discovery:discover_packages(colcon_meta) check parameters
[0.096s] Level 1:colcon.colcon_core.package_discovery:discover_packages(recursive) check parameters
[0.096s] Level 1:colcon.colcon_core.package_discovery:discover_packages(ignore) check parameters
[0.096s] Level 1:colcon.colcon_core.package_discovery:discover_packages(path) check parameters
[0.096s] Level 1:colcon.colcon_core.package_discovery:discover_packages(colcon_meta) discover
[0.096s] Level 1:colcon.colcon_core.package_discovery:discover_packages(recursive) discover
[0.096s] INFO:colcon.colcon_core.package_discovery:Crawling recursively for packages in '/home/students_steeringwheel/Steeringwheel-Workspace/ros2_ws'
[0.097s] Level 1:colcon.colcon_core.package_identification:_identify(.) by extensions ['ignore', 'ignore_ament_install']
[0.097s] Level 1:colcon.colcon_core.package_identification:_identify(.) by extension 'ignore'
[0.097s] Level 1:colcon.colcon_core.package_identification:_identify(.) by extension 'ignore_ament_install'
[0.097s] Level 1:colcon.colcon_core.package_identification:_identify(.) by extensions ['colcon_pkg']
[0.097s] Level 1:colcon.colcon_core.package_identification:_identify(.) by extension 'colcon_pkg'
[0.097s] Level 1:colcon.colcon_core.package_identification:_identify(.) by extensions ['colcon_meta']
[0.097s] Level 1:colcon.colcon_core.package_identification:_identify(.) by extension 'colcon_meta'
[0.097s] Level 1:colcon.colcon_core.package_identification:_identify(.) by extensions ['ros']
[0.097s] Level 1:colcon.colcon_core.package_identification:_identify(.) by extension 'ros'
[0.108s] Level 1:colcon.colcon_core.package_identification:_identify(.) by extensions ['cmake', 'python']
[0.108s] Level 1:colcon.colcon_core.package_identification:_identify(.) by extension 'cmake'
[0.108s] Level 1:colcon.colcon_core.package_identification:_identify(.) by extension 'python'
[0.108s] Level 1:colcon.colcon_core.package_identification:_identify(.) by extensions ['python_setup_py']
[0.108s] Level 1:colcon.colcon_core.package_identification:_identify(.) by extension 'python_setup_py'
[0.108s] Level 1:colcon.colcon_core.package_identification:_identify(build) by extensions ['ignore', 'ignore_ament_install']
[0.108s] Level 1:colcon.colcon_core.package_identification:_identify(build) by extension 'ignore'
[0.108s] Level 1:colcon.colcon_core.package_identification:_identify(build) ignored
[0.108s] Level 1:colcon.colcon_core.package_identification:_identify(install) by extensions ['ignore', 'ignore_ament_install']
[0.108s] Level 1:colcon.colcon_core.package_identification:_identify(install) by extension 'ignore'
[0.108s] Level 1:colcon.colcon_core.package_identification:_identify(install) ignored
[0.108s] Level 1:colcon.colcon_core.package_identification:_identify(log) by extensions ['ignore', 'ignore_ament_install']
[0.108s] Level 1:colcon.colcon_core.package_identification:_identify(log) by extension 'ignore'
[0.108s] Level 1:colcon.colcon_core.package_identification:_identify(log) ignored
[0.108s] Level 1:colcon.colcon_core.package_identification:_identify(src) by extensions ['ignore', 'ignore_ament_install']
[0.108s] Level 1:colcon.colcon_core.package_identification:_identify(src) by extension 'ignore'
[0.108s] Level 1:colcon.colcon_core.package_identification:_identify(src) by extension 'ignore_ament_install'
[0.108s] Level 1:colcon.colcon_core.package_identification:_identify(src) by extensions ['colcon_pkg']
[0.108s] Level 1:colcon.colcon_core.package_identification:_identify(src) by extension 'colcon_pkg'
[0.108s] Level 1:colcon.colcon_core.package_identification:_identify(src) by extensions ['colcon_meta']
[0.108s] Level 1:colcon.colcon_core.package_identification:_identify(src) by extension 'colcon_meta'
[0.108s] Level 1:colcon.colcon_core.package_identification:_identify(src) by extensions ['ros']
[0.108s] Level 1:colcon.colcon_core.package_identification:_identify(src) by extension 'ros'
[0.108s] Level 1:colcon.colcon_core.package_identification:_identify(src) by extensions ['cmake', 'python']
[0.108s] Level 1:colcon.colcon_core.package_identification:_identify(src) by extension 'cmake'
[0.108s] Level 1:colcon.colcon_core.package_identification:_identify(src) by extension 'python'
[0.108s] Level 1:colcon.colcon_core.package_identification:_identify(src) by extensions ['python_setup_py']
[0.108s] Level 1:colcon.colcon_core.package_identification:_identify(src) by extension 'python_setup_py'
[0.108s] Level 1:colcon.colcon_core.package_identification:_identify(src/g29_isaac_bridge) by extensions ['ignore', 'ignore_ament_install']
[0.109s] Level 1:colcon.colcon_core.package_identification:_identify(src/g29_isaac_bridge) by extension 'ignore'
[0.109s] Level 1:colcon.colcon_core.package_identification:_identify(src/g29_isaac_bridge) by extension 'ignore_ament_install'
[0.109s] Level 1:colcon.colcon_core.package_identification:_identify(src/g29_isaac_bridge) by extensions ['colcon_pkg']
[0.109s] Level 1:colcon.colcon_core.package_identification:_identify(src/g29_isaac_bridge) by extension 'colcon_pkg'
[0.109s] Level 1:colcon.colcon_core.package_identification:_identify(src/g29_isaac_bridge) by extensions ['colcon_meta']
[0.109s] Level 1:colcon.colcon_core.package_identification:_identify(src/g29_isaac_bridge) by extension 'colcon_meta'
[0.109s] Level 1:colcon.colcon_core.package_identification:_identify(src/g29_isaac_bridge) by extensions ['ros']
[0.109s] Level 1:colcon.colcon_core.package_identification:_identify(src/g29_isaac_bridge) by extension 'ros'
[0.110s] DEBUG:colcon.colcon_core.package_identification:Package 'src/g29_isaac_bridge' with type 'ros.ament_python' and name 'g29_isaac_bridge'
[0.110s] Level 1:colcon.colcon_core.package_identification:_identify(src/piper_ros) by extensions ['ignore', 'ignore_ament_install']
[0.110s] Level 1:colcon.colcon_core.package_identification:_identify(src/piper_ros) by extension 'ignore'
[0.110s] Level 1:colcon.colcon_core.package_identification:_identify(src/piper_ros) by extension 'ignore_ament_install'
[0.110s] Level 1:colcon.colcon_core.package_identification:_identify(src/piper_ros) by extensions ['colcon_pkg']
[0.110s] Level 1:colcon.colcon_core.package_identification:_identify(src/piper_ros) by extension 'colcon_pkg'
[0.110s] Level 1:colcon.colcon_core.package_identification:_identify(src/piper_ros) by extensions ['colcon_meta']
[0.110s] Level 1:colcon.colcon_core.package_identification:_identify(src/piper_ros) by extension 'colcon_meta'
[0.110s] Level 1:colcon.colcon_core.package_identification:_identify(src/piper_ros) by extensions ['ros']
[0.110s] Level 1:colcon.colcon_core.package_identification:_identify(src/piper_ros) by extension 'ros'
[0.110s] Level 1:colcon.colcon_core.package_identification:_identify(src/piper_ros) by extensions ['cmake', 'python']
[0.110s] Level 1:colcon.colcon_core.package_identification:_identify(src/piper_ros) by extension 'cmake'
[0.110s] Level 1:colcon.colcon_core.package_identification:_identify(src/piper_ros) by extension 'python'
[0.110s] Level 1:colcon.colcon_core.package_identification:_identify(src/piper_ros) by extensions ['python_setup_py']
[0.110s] Level 1:colcon.colcon_core.package_identification:_identify(src/piper_ros) by extension 'python_setup_py'
[0.110s] Level 1:colcon.colcon_core.package_identification:_identify(src/piper_ros/asserts) by extensions ['ignore', 'ignore_ament_install']
[0.110s] Level 1:colcon.colcon_core.package_identification:_identify(src/piper_ros/asserts) by extension 'ignore'
[0.110s] Level 1:colcon.colcon_core.package_identification:_identify(src/piper_ros/asserts) by extension 'ignore_ament_install'
[0.110s] Level 1:colcon.colcon_core.package_identification:_identify(src/piper_ros/asserts) by extensions ['colcon_pkg']
[0.110s] Level 1:colcon.colcon_core.package_identification:_identify(src/piper_ros/asserts) by extension 'colcon_pkg'
[0.110s] Level 1:colcon.colcon_core.package_identification:_identify(src/piper_ros/asserts) by extensions ['colcon_meta']
[0.110s] Level 1:colcon.colcon_core.package_identification:_identify(src/piper_ros/asserts) by extension 'colcon_meta'
[0.110s] Level 1:colcon.colcon_core.package_identification:_identify(src/piper_ros/asserts) by extensions ['ros']
[0.110s] Level 1:colcon.colcon_core.package_identification:_identify(src/piper_ros/asserts) by extension 'ros'
[0.110s] Level 1:colcon.colcon_core.package_identification:_identify(src/piper_ros/asserts) by extensions ['cmake', 'python']
[0.110s] Level 1:colcon.colcon_core.package_identification:_identify(src/piper_ros/asserts) by extension 'cmake'
[0.110s] Level 1:colcon.colcon_core.package_identification:_identify(src/piper_ros/asserts) by extension 'python'
[0.110s] Level 1:colcon.colcon_core.package_identification:_identify(src/piper_ros/asserts) by extensions ['python_setup_py']
[0.110s] Level 1:colcon.colcon_core.package_identification:_identify(src/piper_ros/asserts) by extension 'python_setup_py'
[0.110s] Level 1:colcon.colcon_core.package_identification:_identify(src/piper_ros/asserts/pictures) by extensions ['ignore', 'ignore_ament_install']
[0.110s] Level 1:colcon.colcon_core.package_identification:_identify(src/piper_ros/asserts/pictures) by extension 'ignore'
[0.110s] Level 1:colcon.colcon_core.package_identification:_identify(src/piper_ros/asserts/pictures) by extension 'ignore_ament_install'
[0.110s] Level 1:colcon.colcon_core.package_identification:_identify(src/piper_ros/asserts/pictures) by extensions ['colcon_pkg']
[0.110s] Level 1:colcon.colcon_core.package_identification:_identify(src/piper_ros/asserts/pictures) by extension 'colcon_pkg'
[0.110s] Level 1:colcon.colcon_core.package_identification:_identify(src/piper_ros/asserts/pictures) by extensions ['colcon_meta']
[0.110s] Level 1:colcon.colcon_core.package_identification:_identify(src/piper_ros/asserts/pictures) by extension 'colcon_meta'
[0.110s] Level 1:colcon.colcon_core.package_identification:_identify(src/piper_ros/asserts/pictures) by extensions ['ros']
[0.110s] Level 1:colcon.colcon_core.package_identification:_identify(src/piper_ros/asserts/pictures) by extension 'ros'
[0.110s] Level 1:colcon.colcon_core.package_identification:_identify(src/piper_ros/asserts/pictures) by extensions ['cmake', 'python']
[0.110s] Level 1:colcon.colcon_core.package_identification:_identify(src/piper_ros/asserts/pictures) by extension 'cmake'
[0.110s] Level 1:colcon.colcon_core.package_identification:_identify(src/piper_ros/asserts/pictures) by extension 'python'
[0.111s] Level 1:colcon.colcon_core.package_identification:_identify(src/piper_ros/asserts/pictures) by extensions ['python_setup_py']
[0.111s] Level 1:colcon.colcon_core.package_identification:_identify(src/piper_ros/asserts/pictures) by extension 'python_setup_py'
[0.111s] Level 1:colcon.colcon_core.package_identification:_identify(src/piper_ros/src) by extensions ['ignore', 'ignore_ament_install']
[0.111s] Level 1:colcon.colcon_core.package_identification:_identify(src/piper_ros/src) by extension 'ignore'
[0.111s] Level 1:colcon.colcon_core.package_identification:_identify(src/piper_ros/src) by extension 'ignore_ament_install'
[0.111s] Level 1:colcon.colcon_core.package_identification:_identify(src/piper_ros/src) by extensions ['colcon_pkg']
[0.111s] Level 1:colcon.colcon_core.package_identification:_identify(src/piper_ros/src) by extension 'colcon_pkg'
[0.111s] Level 1:colcon.colcon_core.package_identification:_identify(src/piper_ros/src) by extensions ['colcon_meta']
[0.111s] Level 1:colcon.colcon_core.package_identification:_identify(src/piper_ros/src) by extension 'colcon_meta'
[0.111s] Level 1:colcon.colcon_core.package_identification:_identify(src/piper_ros/src) by extensions ['ros']
[0.111s] Level 1:colcon.colcon_core.package_identification:_identify(src/piper_ros/src) by extension 'ros'
[0.111s] Level 1:colcon.colcon_core.package_identification:_identify(src/piper_ros/src) by extensions ['cmake', 'python']
[0.111s] Level 1:colcon.colcon_core.package_identification:_identify(src/piper_ros/src) by extension 'cmake'
[0.111s] Level 1:colcon.colcon_core.package_identification:_identify(src/piper_ros/src) by extension 'python'
[0.111s] Level 1:colcon.colcon_core.package_identification:_identify(src/piper_ros/src) by extensions ['python_setup_py']
[0.111s] Level 1:colcon.colcon_core.package_identification:_identify(src/piper_ros/src) by extension 'python_setup_py'
[0.111s] Level 1:colcon.colcon_core.package_identification:_identify(src/piper_ros/src/piper) by extensions ['ignore', 'ignore_ament_install']
[0.111s] Level 1:colcon.colcon_core.package_identification:_identify(src/piper_ros/src/piper) by extension 'ignore'
[0.111s] Level 1:colcon.colcon_core.package_identification:_identify(src/piper_ros/src/piper) by extension 'ignore_ament_install'
[0.111s] Level 1:colcon.colcon_core.package_identification:_identify(src/piper_ros/src/piper) by extensions ['colcon_pkg']
[0.111s] Level 1:colcon.colcon_core.package_identification:_identify(src/piper_ros/src/piper) by extension 'colcon_pkg'
[0.111s] Level 1:colcon.colcon_core.package_identification:_identify(src/piper_ros/src/piper) by extensions ['colcon_meta']
[0.111s] Level 1:colcon.colcon_core.package_identification:_identify(src/piper_ros/src/piper) by extension 'colcon_meta'
[0.111s] Level 1:colcon.colcon_core.package_identification:_identify(src/piper_ros/src/piper) by extensions ['ros']
[0.111s] Level 1:colcon.colcon_core.package_identification:_identify(src/piper_ros/src/piper) by extension 'ros'
[0.111s] DEBUG:colcon.colcon_core.package_identification:Package 'src/piper_ros/src/piper' with type 'ros.ament_python' and name 'piper'
[0.111s] Level 1:colcon.colcon_core.package_identification:_identify(src/piper_ros/src/piper_description) by extensions ['ignore', 'ignore_ament_install']
[0.111s] Level 1:colcon.colcon_core.package_identification:_identify(src/piper_ros/src/piper_description) by extension 'ignore'
[0.111s] Level 1:colcon.colcon_core.package_identification:_identify(src/piper_ros/src/piper_description) by extension 'ignore_ament_install'
[0.111s] Level 1:colcon.colcon_core.package_identification:_identify(src/piper_ros/src/piper_description) by extensions ['colcon_pkg']
[0.111s] Level 1:colcon.colcon_core.package_identification:_identify(src/piper_ros/src/piper_description) by extension 'colcon_pkg'
[0.111s] Level 1:colcon.colcon_core.package_identification:_identify(src/piper_ros/src/piper_description) by extensions ['colcon_meta']
[0.111s] Level 1:colcon.colcon_core.package_identification:_identify(src/piper_ros/src/piper_description) by extension 'colcon_meta'
[0.111s] Level 1:colcon.colcon_core.package_identification:_identify(src/piper_ros/src/piper_description) by extensions ['ros']
[0.111s] Level 1:colcon.colcon_core.package_identification:_identify(src/piper_ros/src/piper_description) by extension 'ros'
[0.112s] DEBUG:colcon.colcon_core.package_identification:Package 'src/piper_ros/src/piper_description' with type 'ros.ament_cmake' and name 'piper_description'
[0.112s] Level 1:colcon.colcon_core.package_identification:_identify(src/piper_ros/src/piper_humble) by extensions ['ignore', 'ignore_ament_install']
[0.112s] Level 1:colcon.colcon_core.package_identification:_identify(src/piper_ros/src/piper_humble) by extension 'ignore'
[0.112s] Level 1:colcon.colcon_core.package_identification:_identify(src/piper_ros/src/piper_humble) by extension 'ignore_ament_install'
[0.112s] Level 1:colcon.colcon_core.package_identification:_identify(src/piper_ros/src/piper_humble) by extensions ['colcon_pkg']
[0.112s] Level 1:colcon.colcon_core.package_identification:_identify(src/piper_ros/src/piper_humble) by extension 'colcon_pkg'
[0.112s] Level 1:colcon.colcon_core.package_identification:_identify(src/piper_ros/src/piper_humble) by extensions ['colcon_meta']
[0.112s] Level 1:colcon.colcon_core.package_identification:_identify(src/piper_ros/src/piper_humble) by extension 'colcon_meta'
[0.112s] Level 1:colcon.colcon_core.package_identification:_identify(src/piper_ros/src/piper_humble) by extensions ['ros']
[0.112s] Level 1:colcon.colcon_core.package_identification:_identify(src/piper_ros/src/piper_humble) by extension 'ros'
[0.112s] DEBUG:colcon.colcon_core.package_identification:Package 'src/piper_ros/src/piper_humble' with type 'ros.ament_cmake' and name 'piper_humble'
[0.112s] Level 1:colcon.colcon_core.package_identification:_identify(src/piper_ros/src/piper_moveit) by extensions ['ignore', 'ignore_ament_install']
[0.112s] Level 1:colcon.colcon_core.package_identification:_identify(src/piper_ros/src/piper_moveit) by extension 'ignore'
[0.112s] Level 1:colcon.colcon_core.package_identification:_identify(src/piper_ros/src/piper_moveit) by extension 'ignore_ament_install'
[0.112s] Level 1:colcon.colcon_core.package_identification:_identify(src/piper_ros/src/piper_moveit) by extensions ['colcon_pkg']
[0.112s] Level 1:colcon.colcon_core.package_identification:_identify(src/piper_ros/src/piper_moveit) by extension 'colcon_pkg'
[0.112s] Level 1:colcon.colcon_core.package_identification:_identify(src/piper_ros/src/piper_moveit) by extensions ['colcon_meta']
[0.112s] Level 1:colcon.colcon_core.package_identification:_identify(src/piper_ros/src/piper_moveit) by extension 'colcon_meta'
[0.112s] Level 1:colcon.colcon_core.package_identification:_identify(src/piper_ros/src/piper_moveit) by extensions ['ros']
[0.112s] Level 1:colcon.colcon_core.package_identification:_identify(src/piper_ros/src/piper_moveit) by extension 'ros'
[0.112s] Level 1:colcon.colcon_core.package_identification:_identify(src/piper_ros/src/piper_moveit) by extensions ['cmake', 'python']
[0.112s] Level 1:colcon.colcon_core.package_identification:_identify(src/piper_ros/src/piper_moveit) by extension 'cmake'
[0.112s] Level 1:colcon.colcon_core.package_identification:_identify(src/piper_ros/src/piper_moveit) by extension 'python'
[0.112s] Level 1:colcon.colcon_core.package_identification:_identify(src/piper_ros/src/piper_moveit) by extensions ['python_setup_py']
[0.112s] Level 1:colcon.colcon_core.package_identification:_identify(src/piper_ros/src/piper_moveit) by extension 'python_setup_py'
[0.112s] Level 1:colcon.colcon_core.package_identification:_identify(src/piper_ros/src/piper_moveit/piper_no_gripper_moveit) by extensions ['ignore', 'ignore_ament_install']
[0.112s] Level 1:colcon.colcon_core.package_identification:_identify(src/piper_ros/src/piper_moveit/piper_no_gripper_moveit) by extension 'ignore'
[0.112s] Level 1:colcon.colcon_core.package_identification:_identify(src/piper_ros/src/piper_moveit/piper_no_gripper_moveit) by extension 'ignore_ament_install'
[0.112s] Level 1:colcon.colcon_core.package_identification:_identify(src/piper_ros/src/piper_moveit/piper_no_gripper_moveit) by extensions ['colcon_pkg']
[0.112s] Level 1:colcon.colcon_core.package_identification:_identify(src/piper_ros/src/piper_moveit/piper_no_gripper_moveit) by extension 'colcon_pkg'
[0.112s] Level 1:colcon.colcon_core.package_identification:_identify(src/piper_ros/src/piper_moveit/piper_no_gripper_moveit) by extensions ['colcon_meta']
[0.112s] Level 1:colcon.colcon_core.package_identification:_identify(src/piper_ros/src/piper_moveit/piper_no_gripper_moveit) by extension 'colcon_meta'
[0.112s] Level 1:colcon.colcon_core.package_identification:_identify(src/piper_ros/src/piper_moveit/piper_no_gripper_moveit) by extensions ['ros']
[0.112s] Level 1:colcon.colcon_core.package_identification:_identify(src/piper_ros/src/piper_moveit/piper_no_gripper_moveit) by extension 'ros'
[0.113s] DEBUG:colcon.colcon_core.package_identification:Package 'src/piper_ros/src/piper_moveit/piper_no_gripper_moveit' with type 'ros.ament_cmake' and name 'piper_no_gripper_moveit'
[0.113s] Level 1:colcon.colcon_core.package_identification:_identify(src/piper_ros/src/piper_moveit/piper_with_gripper_moveit) by extensions ['ignore', 'ignore_ament_install']
[0.113s] Level 1:colcon.colcon_core.package_identification:_identify(src/piper_ros/src/piper_moveit/piper_with_gripper_moveit) by extension 'ignore'
[0.113s] Level 1:colcon.colcon_core.package_identification:_identify(src/piper_ros/src/piper_moveit/piper_with_gripper_moveit) by extension 'ignore_ament_install'
[0.113s] Level 1:colcon.colcon_core.package_identification:_identify(src/piper_ros/src/piper_moveit/piper_with_gripper_moveit) by extensions ['colcon_pkg']
[0.113s] Level 1:colcon.colcon_core.package_identification:_identify(src/piper_ros/src/piper_moveit/piper_with_gripper_moveit) by extension 'colcon_pkg'
[0.113s] Level 1:colcon.colcon_core.package_identification:_identify(src/piper_ros/src/piper_moveit/piper_with_gripper_moveit) by extensions ['colcon_meta']
[0.113s] Level 1:colcon.colcon_core.package_identification:_identify(src/piper_ros/src/piper_moveit/piper_with_gripper_moveit) by extension 'colcon_meta'
[0.113s] Level 1:colcon.colcon_core.package_identification:_identify(src/piper_ros/src/piper_moveit/piper_with_gripper_moveit) by extensions ['ros']
[0.113s] Level 1:colcon.colcon_core.package_identification:_identify(src/piper_ros/src/piper_moveit/piper_with_gripper_moveit) by extension 'ros'
[0.113s] DEBUG:colcon.colcon_core.package_identification:Package 'src/piper_ros/src/piper_moveit/piper_with_gripper_moveit' with type 'ros.ament_cmake' and name 'piper_with_gripper_moveit'
[0.113s] Level 1:colcon.colcon_core.package_identification:_identify(src/piper_ros/src/piper_msgs) by extensions ['ignore', 'ignore_ament_install']
[0.113s] Level 1:colcon.colcon_core.package_identification:_identify(src/piper_ros/src/piper_msgs) by extension 'ignore'
[0.114s] Level 1:colcon.colcon_core.package_identification:_identify(src/piper_ros/src/piper_msgs) by extension 'ignore_ament_install'
[0.114s] Level 1:colcon.colcon_core.package_identification:_identify(src/piper_ros/src/piper_msgs) by extensions ['colcon_pkg']
[0.114s] Level 1:colcon.colcon_core.package_identification:_identify(src/piper_ros/src/piper_msgs) by extension 'colcon_pkg'
[0.114s] Level 1:colcon.colcon_core.package_identification:_identify(src/piper_ros/src/piper_msgs) by extensions ['colcon_meta']
[0.114s] Level 1:colcon.colcon_core.package_identification:_identify(src/piper_ros/src/piper_msgs) by extension 'colcon_meta'
[0.114s] Level 1:colcon.colcon_core.package_identification:_identify(src/piper_ros/src/piper_msgs) by extensions ['ros']
[0.114s] Level 1:colcon.colcon_core.package_identification:_identify(src/piper_ros/src/piper_msgs) by extension 'ros'
[0.114s] DEBUG:colcon.colcon_core.package_identification:Package 'src/piper_ros/src/piper_msgs' with type 'ros.ament_cmake' and name 'piper_msgs'
[0.114s] Level 1:colcon.colcon_core.package_identification:_identify(src/piper_ros/src/piper_sim) by extensions ['ignore', 'ignore_ament_install']
[0.114s] Level 1:colcon.colcon_core.package_identification:_identify(src/piper_ros/src/piper_sim) by extension 'ignore'
[0.114s] Level 1:colcon.colcon_core.package_identification:_identify(src/piper_ros/src/piper_sim) by extension 'ignore_ament_install'
[0.114s] Level 1:colcon.colcon_core.package_identification:_identify(src/piper_ros/src/piper_sim) by extensions ['colcon_pkg']
[0.114s] Level 1:colcon.colcon_core.package_identification:_identify(src/piper_ros/src/piper_sim) by extension 'colcon_pkg'
[0.114s] Level 1:colcon.colcon_core.package_identification:_identify(src/piper_ros/src/piper_sim) by extensions ['colcon_meta']
[0.114s] Level 1:colcon.colcon_core.package_identification:_identify(src/piper_ros/src/piper_sim) by extension 'colcon_meta'
[0.114s] Level 1:colcon.colcon_core.package_identification:_identify(src/piper_ros/src/piper_sim) by extensions ['ros']
[0.114s] Level 1:colcon.colcon_core.package_identification:_identify(src/piper_ros/src/piper_sim) by extension 'ros'
[0.114s] Level 1:colcon.colcon_core.package_identification:_identify(src/piper_ros/src/piper_sim) by extensions ['cmake', 'python']
[0.114s] Level 1:colcon.colcon_core.package_identification:_identify(src/piper_ros/src/piper_sim) by extension 'cmake'
[0.114s] Level 1:colcon.colcon_core.package_identification:_identify(src/piper_ros/src/piper_sim) by extension 'python'
[0.114s] Level 1:colcon.colcon_core.package_identification:_identify(src/piper_ros/src/piper_sim) by extensions ['python_setup_py']
[0.114s] Level 1:colcon.colcon_core.package_identification:_identify(src/piper_ros/src/piper_sim) by extension 'python_setup_py'
[0.114s] Level 1:colcon.colcon_core.package_identification:_identify(src/piper_ros/src/piper_sim/piper_gazebo) by extensions ['ignore', 'ignore_ament_install']
[0.114s] Level 1:colcon.colcon_core.package_identification:_identify(src/piper_ros/src/piper_sim/piper_gazebo) by extension 'ignore'
[0.114s] Level 1:colcon.colcon_core.package_identification:_identify(src/piper_ros/src/piper_sim/piper_gazebo) by extension 'ignore_ament_install'
[0.114s] Level 1:colcon.colcon_core.package_identification:_identify(src/piper_ros/src/piper_sim/piper_gazebo) by extensions ['colcon_pkg']
[0.114s] Level 1:colcon.colcon_core.package_identification:_identify(src/piper_ros/src/piper_sim/piper_gazebo) by extension 'colcon_pkg'
[0.114s] Level 1:colcon.colcon_core.package_identification:_identify(src/piper_ros/src/piper_sim/piper_gazebo) by extensions ['colcon_meta']
[0.114s] Level 1:colcon.colcon_core.package_identification:_identify(src/piper_ros/src/piper_sim/piper_gazebo) by extension 'colcon_meta'
[0.114s] Level 1:colcon.colcon_core.package_identification:_identify(src/piper_ros/src/piper_sim/piper_gazebo) by extensions ['ros']
[0.114s] Level 1:colcon.colcon_core.package_identification:_identify(src/piper_ros/src/piper_sim/piper_gazebo) by extension 'ros'
[0.115s] DEBUG:colcon.colcon_core.package_identification:Package 'src/piper_ros/src/piper_sim/piper_gazebo' with type 'ros.ament_cmake' and name 'piper_gazebo'
[0.115s] Level 1:colcon.colcon_core.package_identification:_identify(src/piper_ros/src/piper_sim/piper_mujoco) by extensions ['ignore', 'ignore_ament_install']
[0.115s] Level 1:colcon.colcon_core.package_identification:_identify(src/piper_ros/src/piper_sim/piper_mujoco) by extension 'ignore'
[0.115s] Level 1:colcon.colcon_core.package_identification:_identify(src/piper_ros/src/piper_sim/piper_mujoco) by extension 'ignore_ament_install'
[0.115s] Level 1:colcon.colcon_core.package_identification:_identify(src/piper_ros/src/piper_sim/piper_mujoco) by extensions ['colcon_pkg']
[0.115s] Level 1:colcon.colcon_core.package_identification:_identify(src/piper_ros/src/piper_sim/piper_mujoco) by extension 'colcon_pkg'
[0.115s] Level 1:colcon.colcon_core.package_identification:_identify(src/piper_ros/src/piper_sim/piper_mujoco) by extensions ['colcon_meta']
[0.115s] Level 1:colcon.colcon_core.package_identification:_identify(src/piper_ros/src/piper_sim/piper_mujoco) by extension 'colcon_meta'
[0.115s] Level 1:colcon.colcon_core.package_identification:_identify(src/piper_ros/src/piper_sim/piper_mujoco) by extensions ['ros']
[0.115s] Level 1:colcon.colcon_core.package_identification:_identify(src/piper_ros/src/piper_sim/piper_mujoco) by extension 'ros'
[0.115s] DEBUG:colcon.colcon_core.package_identification:Package 'src/piper_ros/src/piper_sim/piper_mujoco' with type 'ros.ament_cmake' and name 'piper_mujoco'
[0.115s] Level 1:colcon.colcon_core.package_discovery:discover_packages(recursive) using defaults
[0.115s] Level 1:colcon.colcon_core.package_discovery:discover_packages(ignore) discover
[0.115s] Level 1:colcon.colcon_core.package_discovery:discover_packages(ignore) using defaults
[0.115s] Level 1:colcon.colcon_core.package_discovery:discover_packages(path) discover
[0.115s] Level 1:colcon.colcon_core.package_discovery:discover_packages(path) using defaults
[0.124s] Level 5:colcon.colcon_core.verb:set package 'g29_isaac_bridge' build argument 'cmake_args' from command line to 'None'
[0.124s] Level 5:colcon.colcon_core.verb:set package 'g29_isaac_bridge' build argument 'cmake_target' from command line to 'None'
[0.124s] Level 5:colcon.colcon_core.verb:set package 'g29_isaac_bridge' build argument 'cmake_target_skip_unavailable' from command line to 'False'
[0.124s] Level 5:colcon.colcon_core.verb:set package 'g29_isaac_bridge' build argument 'cmake_clean_cache' from command line to 'False'
[0.125s] Level 5:colcon.colcon_core.verb:set package 'g29_isaac_bridge' build argument 'cmake_clean_first' from command line to 'False'
[0.125s] Level 5:colcon.colcon_core.verb:set package 'g29_isaac_bridge' build argument 'cmake_force_configure' from command line to 'False'
[0.125s] Level 5:colcon.colcon_core.verb:set package 'g29_isaac_bridge' build argument 'ament_cmake_args' from command line to 'None'
[0.125s] Level 5:colcon.colcon_core.verb:set package 'g29_isaac_bridge' build argument 'catkin_cmake_args' from command line to 'None'
[0.125s] Level 5:colcon.colcon_core.verb:set package 'g29_isaac_bridge' build argument 'catkin_skip_building_tests' from command line to 'False'
[0.125s] DEBUG:colcon.colcon_core.verb:Building package 'g29_isaac_bridge' with the following arguments: {'ament_cmake_args': None, 'build_base': '/home/students_steeringwheel/Steeringwheel-Workspace/ros2_ws/build/g29_isaac_bridge', 'catkin_cmake_args': None, 'catkin_skip_building_tests': False, 'cmake_args': None, 'cmake_clean_cache': False, 'cmake_clean_first': False, 'cmake_force_configure': False, 'cmake_target': None, 'cmake_target_skip_unavailable': False, 'install_base': '/home/students_steeringwheel/Steeringwheel-Workspace/ros2_ws/install/g29_isaac_bridge', 'merge_install': False, 'path': '/home/students_steeringwheel/Steeringwheel-Workspace/ros2_ws/src/g29_isaac_bridge', 'symlink_install': False, 'test_result_base': None}
[0.125s] Level 5:colcon.colcon_core.verb:set package 'piper' build argument 'cmake_args' from command line to 'None'
[0.125s] Level 5:colcon.colcon_core.verb:set package 'piper' build argument 'cmake_target' from command line to 'None'
[0.125s] Level 5:colcon.colcon_core.verb:set package 'piper' build argument 'cmake_target_skip_unavailable' from command line to 'False'
[0.125s] Level 5:colcon.colcon_core.verb:set package 'piper' build argument 'cmake_clean_cache' from command line to 'False'
[0.125s] Level 5:colcon.colcon_core.verb:set package 'piper' build argument 'cmake_clean_first' from command line to 'False'
[0.125s] Level 5:colcon.colcon_core.verb:set package 'piper' build argument 'cmake_force_configure' from command line to 'False'
[0.125s] Level 5:colcon.colcon_core.verb:set package 'piper' build argument 'ament_cmake_args' from command line to 'None'
[0.125s] Level 5:colcon.colcon_core.verb:set package 'piper' build argument 'catkin_cmake_args' from command line to 'None'
[0.125s] Level 5:colcon.colcon_core.verb:set package 'piper' build argument 'catkin_skip_building_tests' from command line to 'False'
[0.125s] DEBUG:colcon.colcon_core.verb:Building package 'piper' with the following arguments: {'ament_cmake_args': None, 'build_base': '/home/students_steeringwheel/Steeringwheel-Workspace/ros2_ws/build/piper', 'catkin_cmake_args': None, 'catkin_skip_building_tests': False, 'cmake_args': None, 'cmake_clean_cache': False, 'cmake_clean_first': False, 'cmake_force_configure': False, 'cmake_target': None, 'cmake_target_skip_unavailable': False, 'install_base': '/home/students_steeringwheel/Steeringwheel-Workspace/ros2_ws/install/piper', 'merge_install': False, 'path': '/home/students_steeringwheel/Steeringwheel-Workspace/ros2_ws/src/piper_ros/src/piper', 'symlink_install': False, 'test_result_base': None}
[0.125s] Level 5:colcon.colcon_core.verb:set package 'piper_description' build argument 'cmake_args' from command line to 'None'
[0.125s] Level 5:colcon.colcon_core.verb:set package 'piper_description' build argument 'cmake_target' from command line to 'None'
[0.125s] Level 5:colcon.colcon_core.verb:set package 'piper_description' build argument 'cmake_target_skip_unavailable' from command line to 'False'
[0.125s] Level 5:colcon.colcon_core.verb:set package 'piper_description' build argument 'cmake_clean_cache' from command line to 'False'
[0.125s] Level 5:colcon.colcon_core.verb:set package 'piper_description' build argument 'cmake_clean_first' from command line to 'False'
[0.125s] Level 5:colcon.colcon_core.verb:set package 'piper_description' build argument 'cmake_force_configure' from command line to 'False'
[0.125s] Level 5:colcon.colcon_core.verb:set package 'piper_description' build argument 'ament_cmake_args' from command line to 'None'
[0.125s] Level 5:colcon.colcon_core.verb:set package 'piper_description' build argument 'catkin_cmake_args' from command line to 'None'
[0.125s] Level 5:colcon.colcon_core.verb:set package 'piper_description' build argument 'catkin_skip_building_tests' from command line to 'False'
[0.125s] DEBUG:colcon.colcon_core.verb:Building package 'piper_description' with the following arguments: {'ament_cmake_args': None, 'build_base': '/home/students_steeringwheel/Steeringwheel-Workspace/ros2_ws/build/piper_description', 'catkin_cmake_args': None, 'catkin_skip_building_tests': False, 'cmake_args': None, 'cmake_clean_cache': False, 'cmake_clean_first': False, 'cmake_force_configure': False, 'cmake_target': None, 'cmake_target_skip_unavailable': False, 'install_base': '/home/students_steeringwheel/Steeringwheel-Workspace/ros2_ws/install/piper_description', 'merge_install': False, 'path': '/home/students_steeringwheel/Steeringwheel-Workspace/ros2_ws/src/piper_ros/src/piper_description', 'symlink_install': False, 'test_result_base': None}
[0.125s] Level 5:colcon.colcon_core.verb:set package 'piper_gazebo' build argument 'cmake_args' from command line to 'None'
[0.125s] Level 5:colcon.colcon_core.verb:set package 'piper_gazebo' build argument 'cmake_target' from command line to 'None'
[0.125s] Level 5:colcon.colcon_core.verb:set package 'piper_gazebo' build argument 'cmake_target_skip_unavailable' from command line to 'False'
[0.125s] Level 5:colcon.colcon_core.verb:set package 'piper_gazebo' build argument 'cmake_clean_cache' from command line to 'False'
[0.125s] Level 5:colcon.colcon_core.verb:set package 'piper_gazebo' build argument 'cmake_clean_first' from command line to 'False'
[0.125s] Level 5:colcon.colcon_core.verb:set package 'piper_gazebo' build argument 'cmake_force_configure' from command line to 'False'
[0.125s] Level 5:colcon.colcon_core.verb:set package 'piper_gazebo' build argument 'ament_cmake_args' from command line to 'None'
[0.125s] Level 5:colcon.colcon_core.verb:set package 'piper_gazebo' build argument 'catkin_cmake_args' from command line to 'None'
[0.125s] Level 5:colcon.colcon_core.verb:set package 'piper_gazebo' build argument 'catkin_skip_building_tests' from command line to 'False'
[0.125s] DEBUG:colcon.colcon_core.verb:Building package 'piper_gazebo' with the following arguments: {'ament_cmake_args': None, 'build_base': '/home/students_steeringwheel/Steeringwheel-Workspace/ros2_ws/build/piper_gazebo', 'catkin_cmake_args': None, 'catkin_skip_building_tests': False, 'cmake_args': None, 'cmake_clean_cache': False, 'cmake_clean_first': False, 'cmake_force_configure': False, 'cmake_target': None, 'cmake_target_skip_unavailable': False, 'install_base': '/home/students_steeringwheel/Steeringwheel-Workspace/ros2_ws/install/piper_gazebo', 'merge_install': False, 'path': '/home/students_steeringwheel/Steeringwheel-Workspace/ros2_ws/src/piper_ros/src/piper_sim/piper_gazebo', 'symlink_install': False, 'test_result_base': None}
[0.125s] Level 5:colcon.colcon_core.verb:set package 'piper_humble' build argument 'cmake_args' from command line to 'None'
[0.125s] Level 5:colcon.colcon_core.verb:set package 'piper_humble' build argument 'cmake_target' from command line to 'None'
[0.125s] Level 5:colcon.colcon_core.verb:set package 'piper_humble' build argument 'cmake_target_skip_unavailable' from command line to 'False'
[0.125s] Level 5:colcon.colcon_core.verb:set package 'piper_humble' build argument 'cmake_clean_cache' from command line to 'False'
[0.125s] Level 5:colcon.colcon_core.verb:set package 'piper_humble' build argument 'cmake_clean_first' from command line to 'False'
[0.125s] Level 5:colcon.colcon_core.verb:set package 'piper_humble' build argument 'cmake_force_configure' from command line to 'False'
[0.125s] Level 5:colcon.colcon_core.verb:set package 'piper_humble' build argument 'ament_cmake_args' from command line to 'None'
[0.125s] Level 5:colcon.colcon_core.verb:set package 'piper_humble' build argument 'catkin_cmake_args' from command line to 'None'
[0.125s] Level 5:colcon.colcon_core.verb:set package 'piper_humble' build argument 'catkin_skip_building_tests' from command line to 'False'
[0.125s] DEBUG:colcon.colcon_core.verb:Building package 'piper_humble' with the following arguments: {'ament_cmake_args': None, 'build_base': '/home/students_steeringwheel/Steeringwheel-Workspace/ros2_ws/build/piper_humble', 'catkin_cmake_args': None, 'catkin_skip_building_tests': False, 'cmake_args': None, 'cmake_clean_cache': False, 'cmake_clean_first': False, 'cmake_force_configure': False, 'cmake_target': None, 'cmake_target_skip_unavailable': False, 'install_base': '/home/students_steeringwheel/Steeringwheel-Workspace/ros2_ws/install/piper_humble', 'merge_install': False, 'path': '/home/students_steeringwheel/Steeringwheel-Workspace/ros2_ws/src/piper_ros/src/piper_humble', 'symlink_install': False, 'test_result_base': None}
[0.126s] Level 5:colcon.colcon_core.verb:set package 'piper_msgs' build argument 'cmake_args' from command line to 'None'
[0.126s] Level 5:colcon.colcon_core.verb:set package 'piper_msgs' build argument 'cmake_target' from command line to 'None'
[0.126s] Level 5:colcon.colcon_core.verb:set package 'piper_msgs' build argument 'cmake_target_skip_unavailable' from command line to 'False'
[0.126s] Level 5:colcon.colcon_core.verb:set package 'piper_msgs' build argument 'cmake_clean_cache' from command line to 'False'
[0.126s] Level 5:colcon.colcon_core.verb:set package 'piper_msgs' build argument 'cmake_clean_first' from command line to 'False'
[0.126s] Level 5:colcon.colcon_core.verb:set package 'piper_msgs' build argument 'cmake_force_configure' from command line to 'False'
[0.126s] Level 5:colcon.colcon_core.verb:set package 'piper_msgs' build argument 'ament_cmake_args' from command line to 'None'
[0.126s] Level 5:colcon.colcon_core.verb:set package 'piper_msgs' build argument 'catkin_cmake_args' from command line to 'None'
[0.126s] Level 5:colcon.colcon_core.verb:set package 'piper_msgs' build argument 'catkin_skip_building_tests' from command line to 'False'
[0.126s] DEBUG:colcon.colcon_core.verb:Building package 'piper_msgs' with the following arguments: {'ament_cmake_args': None, 'build_base': '/home/students_steeringwheel/Steeringwheel-Workspace/ros2_ws/build/piper_msgs', 'catkin_cmake_args': None, 'catkin_skip_building_tests': False, 'cmake_args': None, 'cmake_clean_cache': False, 'cmake_clean_first': False, 'cmake_force_configure': False, 'cmake_target': None, 'cmake_target_skip_unavailable': False, 'install_base': '/home/students_steeringwheel/Steeringwheel-Workspace/ros2_ws/install/piper_msgs', 'merge_install': False, 'path': '/home/students_steeringwheel/Steeringwheel-Workspace/ros2_ws/src/piper_ros/src/piper_msgs', 'symlink_install': False, 'test_result_base': None}
[0.126s] Level 5:colcon.colcon_core.verb:set package 'piper_mujoco' build argument 'cmake_args' from command line to 'None'
[0.126s] Level 5:colcon.colcon_core.verb:set package 'piper_mujoco' build argument 'cmake_target' from command line to 'None'
[0.126s] Level 5:colcon.colcon_core.verb:set package 'piper_mujoco' build argument 'cmake_target_skip_unavailable' from command line to 'False'
[0.126s] Level 5:colcon.colcon_core.verb:set package 'piper_mujoco' build argument 'cmake_clean_cache' from command line to 'False'
[0.126s] Level 5:colcon.colcon_core.verb:set package 'piper_mujoco' build argument 'cmake_clean_first' from command line to 'False'
[0.126s] Level 5:colcon.colcon_core.verb:set package 'piper_mujoco' build argument 'cmake_force_configure' from command line to 'False'
[0.126s] Level 5:colcon.colcon_core.verb:set package 'piper_mujoco' build argument 'ament_cmake_args' from command line to 'None'
[0.126s] Level 5:colcon.colcon_core.verb:set package 'piper_mujoco' build argument 'catkin_cmake_args' from command line to 'None'
[0.126s] Level 5:colcon.colcon_core.verb:set package 'piper_mujoco' build argument 'catkin_skip_building_tests' from command line to 'False'
[0.126s] DEBUG:colcon.colcon_core.verb:Building package 'piper_mujoco' with the following arguments: {'ament_cmake_args': None, 'build_base': '/home/students_steeringwheel/Steeringwheel-Workspace/ros2_ws/build/piper_mujoco', 'catkin_cmake_args': None, 'catkin_skip_building_tests': False, 'cmake_args': None, 'cmake_clean_cache': False, 'cmake_clean_first': False, 'cmake_force_configure': False, 'cmake_target': None, 'cmake_target_skip_unavailable': False, 'install_base': '/home/students_steeringwheel/Steeringwheel-Workspace/ros2_ws/install/piper_mujoco', 'merge_install': False, 'path': '/home/students_steeringwheel/Steeringwheel-Workspace/ros2_ws/src/piper_ros/src/piper_sim/piper_mujoco', 'symlink_install': False, 'test_result_base': None}
[0.126s] Level 5:colcon.colcon_core.verb:set package 'piper_no_gripper_moveit' build argument 'cmake_args' from command line to 'None'
[0.126s] Level 5:colcon.colcon_core.verb:set package 'piper_no_gripper_moveit' build argument 'cmake_target' from command line to 'None'
[0.126s] Level 5:colcon.colcon_core.verb:set package 'piper_no_gripper_moveit' build argument 'cmake_target_skip_unavailable' from command line to 'False'
[0.126s] Level 5:colcon.colcon_core.verb:set package 'piper_no_gripper_moveit' build argument 'cmake_clean_cache' from command line to 'False'
[0.126s] Level 5:colcon.colcon_core.verb:set package 'piper_no_gripper_moveit' build argument 'cmake_clean_first' from command line to 'False'
[0.126s] Level 5:colcon.colcon_core.verb:set package 'piper_no_gripper_moveit' build argument 'cmake_force_configure' from command line to 'False'
[0.126s] Level 5:colcon.colcon_core.verb:set package 'piper_no_gripper_moveit' build argument 'ament_cmake_args' from command line to 'None'
[0.126s] Level 5:colcon.colcon_core.verb:set package 'piper_no_gripper_moveit' build argument 'catkin_cmake_args' from command line to 'None'
[0.126s] Level 5:colcon.colcon_core.verb:set package 'piper_no_gripper_moveit' build argument 'catkin_skip_building_tests' from command line to 'False'
[0.126s] DEBUG:colcon.colcon_core.verb:Building package 'piper_no_gripper_moveit' with the following arguments: {'ament_cmake_args': None, 'build_base': '/home/students_steeringwheel/Steeringwheel-Workspace/ros2_ws/build/piper_no_gripper_moveit', 'catkin_cmake_args': None, 'catkin_skip_building_tests': False, 'cmake_args': None, 'cmake_clean_cache': False, 'cmake_clean_first': False, 'cmake_force_configure': False, 'cmake_target': None, 'cmake_target_skip_unavailable': False, 'install_base': '/home/students_steeringwheel/Steeringwheel-Workspace/ros2_ws/install/piper_no_gripper_moveit', 'merge_install': False, 'path': '/home/students_steeringwheel/Steeringwheel-Workspace/ros2_ws/src/piper_ros/src/piper_moveit/piper_no_gripper_moveit', 'symlink_install': False, 'test_result_base': None}
[0.126s] Level 5:colcon.colcon_core.verb:set package 'piper_with_gripper_moveit' build argument 'cmake_args' from command line to 'None'
[0.126s] Level 5:colcon.colcon_core.verb:set package 'piper_with_gripper_moveit' build argument 'cmake_target' from command line to 'None'
[0.126s] Level 5:colcon.colcon_core.verb:set package 'piper_with_gripper_moveit' build argument 'cmake_target_skip_unavailable' from command line to 'False'
[0.126s] Level 5:colcon.colcon_core.verb:set package 'piper_with_gripper_moveit' build argument 'cmake_clean_cache' from command line to 'False'
[0.126s] Level 5:colcon.colcon_core.verb:set package 'piper_with_gripper_moveit' build argument 'cmake_clean_first' from command line to 'False'
[0.126s] Level 5:colcon.colcon_core.verb:set package 'piper_with_gripper_moveit' build argument 'cmake_force_configure' from command line to 'False'
[0.126s] Level 5:colcon.colcon_core.verb:set package 'piper_with_gripper_moveit' build argument 'ament_cmake_args' from command line to 'None'
[0.126s] Level 5:colcon.colcon_core.verb:set package 'piper_with_gripper_moveit' build argument 'catkin_cmake_args' from command line to 'None'
[0.126s] Level 5:colcon.colcon_core.verb:set package 'piper_with_gripper_moveit' build argument 'catkin_skip_building_tests' from command line to 'False'
[0.126s] DEBUG:colcon.colcon_core.verb:Building package 'piper_with_gripper_moveit' with the following arguments: {'ament_cmake_args': None, 'build_base': '/home/students_steeringwheel/Steeringwheel-Workspace/ros2_ws/build/piper_with_gripper_moveit', 'catkin_cmake_args': None, 'catkin_skip_building_tests': False, 'cmake_args': None, 'cmake_clean_cache': False, 'cmake_clean_first': False, 'cmake_force_configure': False, 'cmake_target': None, 'cmake_target_skip_unavailable': False, 'install_base': '/home/students_steeringwheel/Steeringwheel-Workspace/ros2_ws/install/piper_with_gripper_moveit', 'merge_install': False, 'path': '/home/students_steeringwheel/Steeringwheel-Workspace/ros2_ws/src/piper_ros/src/piper_moveit/piper_with_gripper_moveit', 'symlink_install': False, 'test_result_base': None}
[0.126s] INFO:colcon.colcon_core.executor:Executing jobs using 'parallel' executor
[0.127s] DEBUG:colcon.colcon_parallel_executor.executor.parallel:run_until_complete
[0.127s] INFO:colcon.colcon_ros.task.ament_cmake.build:Building ROS package in '/home/students_steeringwheel/Steeringwheel-Workspace/ros2_ws/src/piper_ros/src/piper_description' with build type 'ament_cmake'
[0.127s] INFO:colcon.colcon_cmake.task.cmake.build:Building CMake package in '/home/students_steeringwheel/Steeringwheel-Workspace/ros2_ws/src/piper_ros/src/piper_description'
[0.128s] INFO:colcon.colcon_core.plugin_system:Skipping extension 'colcon_core.shell.bat': Not used on non-Windows systems
[0.128s] INFO:colcon.colcon_core.shell:Skip shell extension 'powershell' for command environment: Not usable outside of PowerShell
[0.128s] DEBUG:colcon.colcon_core.shell:Skip shell extension 'dsv' for command environment
[0.131s] INFO:colcon.colcon_ros.task.ament_python.build:Building ROS package in '/home/students_steeringwheel/Steeringwheel-Workspace/ros2_ws/src/g29_isaac_bridge' with build type 'ament_python'
[0.131s] Level 1:colcon.colcon_core.shell:create_environment_hook('g29_isaac_bridge', 'ament_prefix_path')
[0.131s] INFO:colcon.colcon_core.shell:Creating environment hook '/home/students_steeringwheel/Steeringwheel-Workspace/ros2_ws/install/g29_isaac_bridge/share/g29_isaac_bridge/hook/ament_prefix_path.ps1'
[0.131s] INFO:colcon.colcon_core.shell:Creating environment descriptor '/home/students_steeringwheel/Steeringwheel-Workspace/ros2_ws/install/g29_isaac_bridge/share/g29_isaac_bridge/hook/ament_prefix_path.dsv'
[0.132s] INFO:colcon.colcon_core.shell:Creating environment hook '/home/students_steeringwheel/Steeringwheel-Workspace/ros2_ws/install/g29_isaac_bridge/share/g29_isaac_bridge/hook/ament_prefix_path.sh'
[0.132s] INFO:colcon.colcon_core.shell:Skip shell extension 'powershell' for command environment: Not usable outside of PowerShell
[0.132s] DEBUG:colcon.colcon_core.shell:Skip shell extension 'dsv' for command environment
[0.134s] INFO:colcon.colcon_ros.task.ament_python.build:Building ROS package in '/home/students_steeringwheel/Steeringwheel-Workspace/ros2_ws/src/piper_ros/src/piper' with build type 'ament_python'
[0.134s] Level 1:colcon.colcon_core.shell:create_environment_hook('piper', 'ament_prefix_path')
[0.134s] INFO:colcon.colcon_core.shell:Creating environment hook '/home/students_steeringwheel/Steeringwheel-Workspace/ros2_ws/install/piper/share/piper/hook/ament_prefix_path.ps1'
[0.134s] INFO:colcon.colcon_core.shell:Creating environment descriptor '/home/students_steeringwheel/Steeringwheel-Workspace/ros2_ws/install/piper/share/piper/hook/ament_prefix_path.dsv'
[0.135s] INFO:colcon.colcon_core.shell:Creating environment hook '/home/students_steeringwheel/Steeringwheel-Workspace/ros2_ws/install/piper/share/piper/hook/ament_prefix_path.sh'
[0.135s] INFO:colcon.colcon_core.shell:Skip shell extension 'powershell' for command environment: Not usable outside of PowerShell
[0.135s] DEBUG:colcon.colcon_core.shell:Skip shell extension 'dsv' for command environment
[0.137s] INFO:colcon.colcon_ros.task.ament_cmake.build:Building ROS package in '/home/students_steeringwheel/Steeringwheel-Workspace/ros2_ws/src/piper_ros/src/piper_sim/piper_gazebo' with build type 'ament_cmake'
[0.137s] INFO:colcon.colcon_cmake.task.cmake.build:Building CMake package in '/home/students_steeringwheel/Steeringwheel-Workspace/ros2_ws/src/piper_ros/src/piper_sim/piper_gazebo'
[0.137s] INFO:colcon.colcon_core.shell:Skip shell extension 'powershell' for command environment: Not usable outside of PowerShell
[0.137s] DEBUG:colcon.colcon_core.shell:Skip shell extension 'dsv' for command environment
[0.138s] INFO:colcon.colcon_ros.task.ament_cmake.build:Building ROS package in '/home/students_steeringwheel/Steeringwheel-Workspace/ros2_ws/src/piper_ros/src/piper_humble' with build type 'ament_cmake'
[0.138s] INFO:colcon.colcon_cmake.task.cmake.build:Building CMake package in '/home/students_steeringwheel/Steeringwheel-Workspace/ros2_ws/src/piper_ros/src/piper_humble'
[0.138s] INFO:colcon.colcon_core.shell:Skip shell extension 'powershell' for command environment: Not usable outside of PowerShell
[0.138s] DEBUG:colcon.colcon_core.shell:Skip shell extension 'dsv' for command environment
[0.140s] INFO:colcon.colcon_ros.task.ament_cmake.build:Building ROS package in '/home/students_steeringwheel/Steeringwheel-Workspace/ros2_ws/src/piper_ros/src/piper_msgs' with build type 'ament_cmake'
[0.140s] INFO:colcon.colcon_cmake.task.cmake.build:Building CMake package in '/home/students_steeringwheel/Steeringwheel-Workspace/ros2_ws/src/piper_ros/src/piper_msgs'
[0.140s] INFO:colcon.colcon_core.shell:Skip shell extension 'powershell' for command environment: Not usable outside of PowerShell
[0.140s] DEBUG:colcon.colcon_core.shell:Skip shell extension 'dsv' for command environment
[0.142s] INFO:colcon.colcon_ros.task.ament_cmake.build:Building ROS package in '/home/students_steeringwheel/Steeringwheel-Workspace/ros2_ws/src/piper_ros/src/piper_sim/piper_mujoco' with build type 'ament_cmake'
[0.142s] INFO:colcon.colcon_cmake.task.cmake.build:Building CMake package in '/home/students_steeringwheel/Steeringwheel-Workspace/ros2_ws/src/piper_ros/src/piper_sim/piper_mujoco'
[0.142s] INFO:colcon.colcon_core.shell:Skip shell extension 'powershell' for command environment: Not usable outside of PowerShell
[0.142s] DEBUG:colcon.colcon_core.shell:Skip shell extension 'dsv' for command environment
[0.147s] DEBUG:colcon.colcon_core.event_handler.log_command:Invoking command in '/home/students_steeringwheel/Steeringwheel-Workspace/ros2_ws/build/piper_description': CMAKE_PREFIX_PATH=/home/students_steeringwheel/Steeringwheel-Workspace/ros2_ws/install/g29_isaac_bridge:/opt/ros/humble PS1=(ros2_env) \[\e]0;\u@\h: \w\a\]${debian_chroot:+($debian_chroot)}\[\033[01;32m\]\u@\h\[\033[00m\]:\[\033[01;34m\]\w\[\033[00m\]\$ VIRTUAL_ENV_PROMPT=(ros2_env) /usr/bin/cmake --build /home/students_steeringwheel/Steeringwheel-Workspace/ros2_ws/build/piper_description -- -j32 -l32
[0.238s] WARNING:colcon.colcon_ros.task.ament_python.build:Package 'g29_isaac_bridge' doesn't explicitly install a marker in the package index (colcon-ros currently does it implicitly but that fallback will be removed in the future)
[0.238s] WARNING:colcon.colcon_ros.task.ament_python.build:Package 'g29_isaac_bridge' doesn't explicitly install the 'package.xml' file (colcon-ros currently does it implicitly but that fallback will be removed in the future)
[0.238s] INFO:colcon.colcon_core.task.python.build:Building Python package in '/home/students_steeringwheel/Steeringwheel-Workspace/ros2_ws/src/g29_isaac_bridge'
[0.238s] INFO:colcon.colcon_core.shell:Skip shell extension 'powershell' for command environment: Not usable outside of PowerShell
[0.238s] DEBUG:colcon.colcon_core.shell:Skip shell extension 'dsv' for command environment
[0.333s] INFO:colcon.colcon_core.task.python.build:Building Python package in '/home/students_steeringwheel/Steeringwheel-Workspace/ros2_ws/src/piper_ros/src/piper'
[0.333s] INFO:colcon.colcon_core.shell:Skip shell extension 'powershell' for command environment: Not usable outside of PowerShell
[0.333s] DEBUG:colcon.colcon_core.shell:Skip shell extension 'dsv' for command environment
[0.337s] DEBUG:colcon.colcon_core.event_handler.log_command:Invoking command in '/home/students_steeringwheel/Steeringwheel-Workspace/ros2_ws/build/piper_gazebo': CMAKE_PREFIX_PATH=/home/students_steeringwheel/Steeringwheel-Workspace/ros2_ws/install/g29_isaac_bridge:/opt/ros/humble PS1=(ros2_env) \[\e]0;\u@\h: \w\a\]${debian_chroot:+($debian_chroot)}\[\033[01;32m\]\u@\h\[\033[00m\]:\[\033[01;34m\]\w\[\033[00m\]\$ VIRTUAL_ENV_PROMPT=(ros2_env) /usr/bin/cmake --build /home/students_steeringwheel/Steeringwheel-Workspace/ros2_ws/build/piper_gazebo -- -j32 -l32
[0.337s] DEBUG:colcon.colcon_core.event_handler.log_command:Invoking command in '/home/students_steeringwheel/Steeringwheel-Workspace/ros2_ws/build/piper_humble': CMAKE_PREFIX_PATH=/home/students_steeringwheel/Steeringwheel-Workspace/ros2_ws/install/g29_isaac_bridge:/opt/ros/humble PS1=(ros2_env) \[\e]0;\u@\h: \w\a\]${debian_chroot:+($debian_chroot)}\[\033[01;32m\]\u@\h\[\033[00m\]:\[\033[01;34m\]\w\[\033[00m\]\$ VIRTUAL_ENV_PROMPT=(ros2_env) /usr/bin/cmake --build /home/students_steeringwheel/Steeringwheel-Workspace/ros2_ws/build/piper_humble -- -j32 -l32
[0.338s] DEBUG:colcon.colcon_core.event_handler.log_command:Invoking command in '/home/students_steeringwheel/Steeringwheel-Workspace/ros2_ws/build/piper_msgs': CMAKE_PREFIX_PATH=/home/students_steeringwheel/Steeringwheel-Workspace/ros2_ws/install/g29_isaac_bridge:/opt/ros/humble PS1=(ros2_env) \[\e]0;\u@\h: \w\a\]${debian_chroot:+($debian_chroot)}\[\033[01;32m\]\u@\h\[\033[00m\]:\[\033[01;34m\]\w\[\033[00m\]\$ VIRTUAL_ENV_PROMPT=(ros2_env) /usr/bin/cmake /home/students_steeringwheel/Steeringwheel-Workspace/ros2_ws/src/piper_ros/src/piper_msgs -DCMAKE_INSTALL_PREFIX=/home/students_steeringwheel/Steeringwheel-Workspace/ros2_ws/install/piper_msgs
[0.342s] DEBUG:colcon.colcon_core.event_handler.log_command:Invoking command in '/home/students_steeringwheel/Steeringwheel-Workspace/ros2_ws/build/piper_mujoco': CMAKE_PREFIX_PATH=/home/students_steeringwheel/Steeringwheel-Workspace/ros2_ws/install/g29_isaac_bridge:/opt/ros/humble PS1=(ros2_env) \[\e]0;\u@\h: \w\a\]${debian_chroot:+($debian_chroot)}\[\033[01;32m\]\u@\h\[\033[00m\]:\[\033[01;34m\]\w\[\033[00m\]\$ VIRTUAL_ENV_PROMPT=(ros2_env) /usr/bin/cmake --build /home/students_steeringwheel/Steeringwheel-Workspace/ros2_ws/build/piper_mujoco -- -j32 -l32
[0.342s] DEBUG:colcon.colcon_core.event_handler.log_command:Invoked command in '/home/students_steeringwheel/Steeringwheel-Workspace/ros2_ws/build/piper_description' returned '0': CMAKE_PREFIX_PATH=/home/students_steeringwheel/Steeringwheel-Workspace/ros2_ws/install/g29_isaac_bridge:/opt/ros/humble PS1=(ros2_env) \[\e]0;\u@\h: \w\a\]${debian_chroot:+($debian_chroot)}\[\033[01;32m\]\u@\h\[\033[00m\]:\[\033[01;34m\]\w\[\033[00m\]\$ VIRTUAL_ENV_PROMPT=(ros2_env) /usr/bin/cmake --build /home/students_steeringwheel/Steeringwheel-Workspace/ros2_ws/build/piper_description -- -j32 -l32
[0.345s] DEBUG:colcon.colcon_core.event_handler.log_command:Invoking command in '/home/students_steeringwheel/Steeringwheel-Workspace/ros2_ws/build/piper_description': CMAKE_PREFIX_PATH=/home/students_steeringwheel/Steeringwheel-Workspace/ros2_ws/install/g29_isaac_bridge:/opt/ros/humble PS1=(ros2_env) \[\e]0;\u@\h: \w\a\]${debian_chroot:+($debian_chroot)}\[\033[01;32m\]\u@\h\[\033[00m\]:\[\033[01;34m\]\w\[\033[00m\]\$ VIRTUAL_ENV_PROMPT=(ros2_env) /usr/bin/cmake --install /home/students_steeringwheel/Steeringwheel-Workspace/ros2_ws/build/piper_description
[0.351s] DEBUG:colcon.colcon_core.event_handler.log_command:Invoked command in '/home/students_steeringwheel/Steeringwheel-Workspace/ros2_ws/build/piper_gazebo' returned '0': CMAKE_PREFIX_PATH=/home/students_steeringwheel/Steeringwheel-Workspace/ros2_ws/install/g29_isaac_bridge:/opt/ros/humble PS1=(ros2_env) \[\e]0;\u@\h: \w\a\]${debian_chroot:+($debian_chroot)}\[\033[01;32m\]\u@\h\[\033[00m\]:\[\033[01;34m\]\w\[\033[00m\]\$ VIRTUAL_ENV_PROMPT=(ros2_env) /usr/bin/cmake --build /home/students_steeringwheel/Steeringwheel-Workspace/ros2_ws/build/piper_gazebo -- -j32 -l32
[0.351s] DEBUG:colcon.colcon_core.event_handler.log_command:Invoking command in '/home/students_steeringwheel/Steeringwheel-Workspace/ros2_ws/build/piper_gazebo': CMAKE_PREFIX_PATH=/home/students_steeringwheel/Steeringwheel-Workspace/ros2_ws/install/g29_isaac_bridge:/opt/ros/humble PS1=(ros2_env) \[\e]0;\u@\h: \w\a\]${debian_chroot:+($debian_chroot)}\[\033[01;32m\]\u@\h\[\033[00m\]:\[\033[01;34m\]\w\[\033[00m\]\$ VIRTUAL_ENV_PROMPT=(ros2_env) /usr/bin/cmake --install /home/students_steeringwheel/Steeringwheel-Workspace/ros2_ws/build/piper_gazebo
[0.351s] Level 1:colcon.colcon_core.environment:create_environment_scripts_only(piper_description)
[0.352s] DEBUG:colcon.colcon_core.event_handler.log_command:Invoked command in '/home/students_steeringwheel/Steeringwheel-Workspace/ros2_ws/build/piper_description' returned '0': CMAKE_PREFIX_PATH=/home/students_steeringwheel/Steeringwheel-Workspace/ros2_ws/install/g29_isaac_bridge:/opt/ros/humble PS1=(ros2_env) \[\e]0;\u@\h: \w\a\]${debian_chroot:+($debian_chroot)}\[\033[01;32m\]\u@\h\[\033[00m\]:\[\033[01;34m\]\w\[\033[00m\]\$ VIRTUAL_ENV_PROMPT=(ros2_env) /usr/bin/cmake --install /home/students_steeringwheel/Steeringwheel-Workspace/ros2_ws/build/piper_description
[0.352s] Level 1:colcon.colcon_core.environment:checking '/home/students_steeringwheel/Steeringwheel-Workspace/ros2_ws/install/piper_description' for CMake module files
[0.353s] Level 1:colcon.colcon_core.environment:checking '/home/students_steeringwheel/Steeringwheel-Workspace/ros2_ws/install/piper_description' for CMake config files
[0.353s] Level 1:colcon.colcon_core.shell:create_environment_hook('piper_description', 'cmake_prefix_path')
[0.353s] INFO:colcon.colcon_core.shell:Creating environment hook '/home/students_steeringwheel/Steeringwheel-Workspace/ros2_ws/install/piper_description/share/piper_description/hook/cmake_prefix_path.ps1'
[0.353s] INFO:colcon.colcon_core.shell:Creating environment descriptor '/home/students_steeringwheel/Steeringwheel-Workspace/ros2_ws/install/piper_description/share/piper_description/hook/cmake_prefix_path.dsv'
[0.359s] INFO:colcon.colcon_core.shell:Creating environment hook '/home/students_steeringwheel/Steeringwheel-Workspace/ros2_ws/install/piper_description/share/piper_description/hook/cmake_prefix_path.sh'
[0.360s] Level 1:colcon.colcon_core.environment:checking '/home/students_steeringwheel/Steeringwheel-Workspace/ros2_ws/install/piper_description/bin'
[0.360s] Level 1:colcon.colcon_core.environment:checking '/home/students_steeringwheel/Steeringwheel-Workspace/ros2_ws/install/piper_description/lib/pkgconfig/piper_description.pc'
[0.360s] Level 1:colcon.colcon_core.environment:checking '/home/students_steeringwheel/Steeringwheel-Workspace/ros2_ws/install/piper_description/lib/python3.10/site-packages'
[0.360s] Level 1:colcon.colcon_core.environment:checking '/home/students_steeringwheel/Steeringwheel-Workspace/ros2_ws/install/piper_description/bin'
[0.360s] INFO:colcon.colcon_core.shell:Creating package script '/home/students_steeringwheel/Steeringwheel-Workspace/ros2_ws/install/piper_description/share/piper_description/package.ps1'
[0.361s] INFO:colcon.colcon_core.shell:Creating package descriptor '/home/students_steeringwheel/Steeringwheel-Workspace/ros2_ws/install/piper_description/share/piper_description/package.dsv'
[0.361s] INFO:colcon.colcon_core.shell:Creating package script '/home/students_steeringwheel/Steeringwheel-Workspace/ros2_ws/install/piper_description/share/piper_description/package.sh'
[0.362s] INFO:colcon.colcon_core.shell:Creating package script '/home/students_steeringwheel/Steeringwheel-Workspace/ros2_ws/install/piper_description/share/piper_description/package.bash'
[0.362s] INFO:colcon.colcon_core.shell:Creating package script '/home/students_steeringwheel/Steeringwheel-Workspace/ros2_ws/install/piper_description/share/piper_description/package.zsh'
[0.363s] Level 1:colcon.colcon_core.environment:create_file_with_runtime_dependencies(/home/students_steeringwheel/Steeringwheel-Workspace/ros2_ws/install/piper_description/share/colcon-core/packages/piper_description)
[0.363s] Level 1:colcon.colcon_core.environment:create_environment_scripts_only(piper_description)
[0.363s] Level 1:colcon.colcon_core.environment:checking '/home/students_steeringwheel/Steeringwheel-Workspace/ros2_ws/install/piper_description' for CMake module files
[0.363s] Level 1:colcon.colcon_core.environment:checking '/home/students_steeringwheel/Steeringwheel-Workspace/ros2_ws/install/piper_description' for CMake config files
[0.363s] Level 1:colcon.colcon_core.shell:create_environment_hook('piper_description', 'cmake_prefix_path')
[0.363s] INFO:colcon.colcon_core.shell:Creating environment hook '/home/students_steeringwheel/Steeringwheel-Workspace/ros2_ws/install/piper_description/share/piper_description/hook/cmake_prefix_path.ps1'
[0.364s] INFO:colcon.colcon_core.shell:Creating environment descriptor '/home/students_steeringwheel/Steeringwheel-Workspace/ros2_ws/install/piper_description/share/piper_description/hook/cmake_prefix_path.dsv'
[0.364s] INFO:colcon.colcon_core.shell:Creating environment hook '/home/students_steeringwheel/Steeringwheel-Workspace/ros2_ws/install/piper_description/share/piper_description/hook/cmake_prefix_path.sh'
[0.364s] Level 1:colcon.colcon_core.environment:checking '/home/students_steeringwheel/Steeringwheel-Workspace/ros2_ws/install/piper_description/bin'
[0.364s] Level 1:colcon.colcon_core.environment:checking '/home/students_steeringwheel/Steeringwheel-Workspace/ros2_ws/install/piper_description/lib/pkgconfig/piper_description.pc'
[0.364s] Level 1:colcon.colcon_core.environment:checking '/home/students_steeringwheel/Steeringwheel-Workspace/ros2_ws/install/piper_description/lib/python3.10/site-packages'
[0.365s] Level 1:colcon.colcon_core.environment:checking '/home/students_steeringwheel/Steeringwheel-Workspace/ros2_ws/install/piper_description/bin'
[0.365s] INFO:colcon.colcon_core.shell:Creating package script '/home/students_steeringwheel/Steeringwheel-Workspace/ros2_ws/install/piper_description/share/piper_description/package.ps1'
[0.365s] INFO:colcon.colcon_core.shell:Creating package descriptor '/home/students_steeringwheel/Steeringwheel-Workspace/ros2_ws/install/piper_description/share/piper_description/package.dsv'
[0.365s] INFO:colcon.colcon_core.shell:Creating package script '/home/students_steeringwheel/Steeringwheel-Workspace/ros2_ws/install/piper_description/share/piper_description/package.sh'
[0.366s] INFO:colcon.colcon_core.shell:Creating package script '/home/students_steeringwheel/Steeringwheel-Workspace/ros2_ws/install/piper_description/share/piper_description/package.bash'
[0.366s] INFO:colcon.colcon_core.shell:Creating package script '/home/students_steeringwheel/Steeringwheel-Workspace/ros2_ws/install/piper_description/share/piper_description/package.zsh'
[0.366s] Level 1:colcon.colcon_core.environment:create_file_with_runtime_dependencies(/home/students_steeringwheel/Steeringwheel-Workspace/ros2_ws/install/piper_description/share/colcon-core/packages/piper_description)
[0.367s] DEBUG:colcon.colcon_core.event_handler.log_command:Invoked command in '/home/students_steeringwheel/Steeringwheel-Workspace/ros2_ws/build/piper_humble' returned '0': CMAKE_PREFIX_PATH=/home/students_steeringwheel/Steeringwheel-Workspace/ros2_ws/install/g29_isaac_bridge:/opt/ros/humble PS1=(ros2_env) \[\e]0;\u@\h: \w\a\]${debian_chroot:+($debian_chroot)}\[\033[01;32m\]\u@\h\[\033[00m\]:\[\033[01;34m\]\w\[\033[00m\]\$ VIRTUAL_ENV_PROMPT=(ros2_env) /usr/bin/cmake --build /home/students_steeringwheel/Steeringwheel-Workspace/ros2_ws/build/piper_humble -- -j32 -l32
[0.367s] DEBUG:colcon.colcon_core.event_handler.log_command:Invoking command in '/home/students_steeringwheel/Steeringwheel-Workspace/ros2_ws/build/piper_humble': CMAKE_PREFIX_PATH=/home/students_steeringwheel/Steeringwheel-Workspace/ros2_ws/install/g29_isaac_bridge:/opt/ros/humble PS1=(ros2_env) \[\e]0;\u@\h: \w\a\]${debian_chroot:+($debian_chroot)}\[\033[01;32m\]\u@\h\[\033[00m\]:\[\033[01;34m\]\w\[\033[00m\]\$ VIRTUAL_ENV_PROMPT=(ros2_env) /usr/bin/cmake --install /home/students_steeringwheel/Steeringwheel-Workspace/ros2_ws/build/piper_humble
[0.368s] INFO:colcon.colcon_ros.task.ament_cmake.build:Building ROS package in '/home/students_steeringwheel/Steeringwheel-Workspace/ros2_ws/src/piper_ros/src/piper_moveit/piper_no_gripper_moveit' with build type 'ament_cmake'
[0.368s] INFO:colcon.colcon_cmake.task.cmake.build:Building CMake package in '/home/students_steeringwheel/Steeringwheel-Workspace/ros2_ws/src/piper_ros/src/piper_moveit/piper_no_gripper_moveit'
[0.368s] INFO:colcon.colcon_core.shell:Skip shell extension 'powershell' for command environment: Not usable outside of PowerShell
[0.368s] DEBUG:colcon.colcon_core.shell:Skip shell extension 'dsv' for command environment
[0.371s] INFO:colcon.colcon_ros.task.ament_cmake.build:Building ROS package in '/home/students_steeringwheel/Steeringwheel-Workspace/ros2_ws/src/piper_ros/src/piper_moveit/piper_with_gripper_moveit' with build type 'ament_cmake'
[0.371s] INFO:colcon.colcon_cmake.task.cmake.build:Building CMake package in '/home/students_steeringwheel/Steeringwheel-Workspace/ros2_ws/src/piper_ros/src/piper_moveit/piper_with_gripper_moveit'
[0.371s] INFO:colcon.colcon_core.shell:Skip shell extension 'powershell' for command environment: Not usable outside of PowerShell
[0.371s] DEBUG:colcon.colcon_core.shell:Skip shell extension 'dsv' for command environment
[0.374s] DEBUG:colcon.colcon_core.event_handler.log_command:Invoked command in '/home/students_steeringwheel/Steeringwheel-Workspace/ros2_ws/build/piper_mujoco' returned '0': CMAKE_PREFIX_PATH=/home/students_steeringwheel/Steeringwheel-Workspace/ros2_ws/install/g29_isaac_bridge:/opt/ros/humble PS1=(ros2_env) \[\e]0;\u@\h: \w\a\]${debian_chroot:+($debian_chroot)}\[\033[01;32m\]\u@\h\[\033[00m\]:\[\033[01;34m\]\w\[\033[00m\]\$ VIRTUAL_ENV_PROMPT=(ros2_env) /usr/bin/cmake --build /home/students_steeringwheel/Steeringwheel-Workspace/ros2_ws/build/piper_mujoco -- -j32 -l32
[0.375s] DEBUG:colcon.colcon_core.event_handler.log_command:Invoking command in '/home/students_steeringwheel/Steeringwheel-Workspace/ros2_ws/build/piper_mujoco': CMAKE_PREFIX_PATH=/home/students_steeringwheel/Steeringwheel-Workspace/ros2_ws/install/g29_isaac_bridge:/opt/ros/humble PS1=(ros2_env) \[\e]0;\u@\h: \w\a\]${debian_chroot:+($debian_chroot)}\[\033[01;32m\]\u@\h\[\033[00m\]:\[\033[01;34m\]\w\[\033[00m\]\$ VIRTUAL_ENV_PROMPT=(ros2_env) /usr/bin/cmake --install /home/students_steeringwheel/Steeringwheel-Workspace/ros2_ws/build/piper_mujoco
[0.375s] Level 1:colcon.colcon_core.environment:create_environment_scripts_only(piper_gazebo)
[0.376s] Level 1:colcon.colcon_core.environment:checking '/home/students_steeringwheel/Steeringwheel-Workspace/ros2_ws/install/piper_gazebo' for CMake module files
[0.376s] DEBUG:colcon.colcon_core.event_handler.log_command:Invoked command in '/home/students_steeringwheel/Steeringwheel-Workspace/ros2_ws/build/piper_gazebo' returned '0': CMAKE_PREFIX_PATH=/home/students_steeringwheel/Steeringwheel-Workspace/ros2_ws/install/g29_isaac_bridge:/opt/ros/humble PS1=(ros2_env) \[\e]0;\u@\h: \w\a\]${debian_chroot:+($debian_chroot)}\[\033[01;32m\]\u@\h\[\033[00m\]:\[\033[01;34m\]\w\[\033[00m\]\$ VIRTUAL_ENV_PROMPT=(ros2_env) /usr/bin/cmake --install /home/students_steeringwheel/Steeringwheel-Workspace/ros2_ws/build/piper_gazebo
[0.376s] Level 1:colcon.colcon_core.environment:checking '/home/students_steeringwheel/Steeringwheel-Workspace/ros2_ws/install/piper_gazebo' for CMake config files
[0.376s] Level 1:colcon.colcon_core.shell:create_environment_hook('piper_gazebo', 'cmake_prefix_path')
[0.376s] INFO:colcon.colcon_core.shell:Creating environment hook '/home/students_steeringwheel/Steeringwheel-Workspace/ros2_ws/install/piper_gazebo/share/piper_gazebo/hook/cmake_prefix_path.ps1'
[0.377s] INFO:colcon.colcon_core.shell:Creating environment descriptor '/home/students_steeringwheel/Steeringwheel-Workspace/ros2_ws/install/piper_gazebo/share/piper_gazebo/hook/cmake_prefix_path.dsv'
[0.377s] INFO:colcon.colcon_core.shell:Creating environment hook '/home/students_steeringwheel/Steeringwheel-Workspace/ros2_ws/install/piper_gazebo/share/piper_gazebo/hook/cmake_prefix_path.sh'
[0.377s] Level 1:colcon.colcon_core.environment:checking '/home/students_steeringwheel/Steeringwheel-Workspace/ros2_ws/install/piper_gazebo/lib'
[0.377s] Level 1:colcon.colcon_core.environment:checking '/home/students_steeringwheel/Steeringwheel-Workspace/ros2_ws/install/piper_gazebo/bin'
[0.377s] Level 1:colcon.colcon_core.environment:checking '/home/students_steeringwheel/Steeringwheel-Workspace/ros2_ws/install/piper_gazebo/lib/pkgconfig/piper_gazebo.pc'
[0.377s] Level 1:colcon.colcon_core.environment:checking '/home/students_steeringwheel/Steeringwheel-Workspace/ros2_ws/install/piper_gazebo/lib/python3.10/site-packages'
[0.378s] Level 1:colcon.colcon_core.environment:checking '/home/students_steeringwheel/Steeringwheel-Workspace/ros2_ws/install/piper_gazebo/bin'
[0.378s] INFO:colcon.colcon_core.shell:Creating package script '/home/students_steeringwheel/Steeringwheel-Workspace/ros2_ws/install/piper_gazebo/share/piper_gazebo/package.ps1'
[0.378s] INFO:colcon.colcon_core.shell:Creating package descriptor '/home/students_steeringwheel/Steeringwheel-Workspace/ros2_ws/install/piper_gazebo/share/piper_gazebo/package.dsv'
[0.378s] INFO:colcon.colcon_core.shell:Creating package script '/home/students_steeringwheel/Steeringwheel-Workspace/ros2_ws/install/piper_gazebo/share/piper_gazebo/package.sh'
[0.379s] INFO:colcon.colcon_core.shell:Creating package script '/home/students_steeringwheel/Steeringwheel-Workspace/ros2_ws/install/piper_gazebo/share/piper_gazebo/package.bash'
[0.379s] INFO:colcon.colcon_core.shell:Creating package script '/home/students_steeringwheel/Steeringwheel-Workspace/ros2_ws/install/piper_gazebo/share/piper_gazebo/package.zsh'
[0.379s] Level 1:colcon.colcon_core.environment:create_file_with_runtime_dependencies(/home/students_steeringwheel/Steeringwheel-Workspace/ros2_ws/install/piper_gazebo/share/colcon-core/packages/piper_gazebo)
[0.379s] Level 1:colcon.colcon_core.environment:create_environment_scripts_only(piper_gazebo)
[0.379s] Level 1:colcon.colcon_core.environment:checking '/home/students_steeringwheel/Steeringwheel-Workspace/ros2_ws/install/piper_gazebo' for CMake module files
[0.380s] Level 1:colcon.colcon_core.environment:checking '/home/students_steeringwheel/Steeringwheel-Workspace/ros2_ws/install/piper_gazebo' for CMake config files
[0.380s] Level 1:colcon.colcon_core.shell:create_environment_hook('piper_gazebo', 'cmake_prefix_path')
[0.380s] INFO:colcon.colcon_core.shell:Creating environment hook '/home/students_steeringwheel/Steeringwheel-Workspace/ros2_ws/install/piper_gazebo/share/piper_gazebo/hook/cmake_prefix_path.ps1'
[0.380s] INFO:colcon.colcon_core.shell:Creating environment descriptor '/home/students_steeringwheel/Steeringwheel-Workspace/ros2_ws/install/piper_gazebo/share/piper_gazebo/hook/cmake_prefix_path.dsv'
[0.380s] INFO:colcon.colcon_core.shell:Creating environment hook '/home/students_steeringwheel/Steeringwheel-Workspace/ros2_ws/install/piper_gazebo/share/piper_gazebo/hook/cmake_prefix_path.sh'
[0.381s] Level 1:colcon.colcon_core.environment:checking '/home/students_steeringwheel/Steeringwheel-Workspace/ros2_ws/install/piper_gazebo/lib'
[0.381s] Level 1:colcon.colcon_core.environment:checking '/home/students_steeringwheel/Steeringwheel-Workspace/ros2_ws/install/piper_gazebo/bin'
[0.381s] Level 1:colcon.colcon_core.environment:checking '/home/students_steeringwheel/Steeringwheel-Workspace/ros2_ws/install/piper_gazebo/lib/pkgconfig/piper_gazebo.pc'
[0.381s] Level 1:colcon.colcon_core.environment:checking '/home/students_steeringwheel/Steeringwheel-Workspace/ros2_ws/install/piper_gazebo/lib/python3.10/site-packages'
[0.381s] Level 1:colcon.colcon_core.environment:checking '/home/students_steeringwheel/Steeringwheel-Workspace/ros2_ws/install/piper_gazebo/bin'
[0.381s] INFO:colcon.colcon_core.shell:Creating package script '/home/students_steeringwheel/Steeringwheel-Workspace/ros2_ws/install/piper_gazebo/share/piper_gazebo/package.ps1'
[0.381s] INFO:colcon.colcon_core.shell:Creating package descriptor '/home/students_steeringwheel/Steeringwheel-Workspace/ros2_ws/install/piper_gazebo/share/piper_gazebo/package.dsv'
[0.382s] INFO:colcon.colcon_core.shell:Creating package script '/home/students_steeringwheel/Steeringwheel-Workspace/ros2_ws/install/piper_gazebo/share/piper_gazebo/package.sh'
[0.382s] INFO:colcon.colcon_core.shell:Creating package script '/home/students_steeringwheel/Steeringwheel-Workspace/ros2_ws/install/piper_gazebo/share/piper_gazebo/package.bash'
[0.382s] INFO:colcon.colcon_core.shell:Creating package script '/home/students_steeringwheel/Steeringwheel-Workspace/ros2_ws/install/piper_gazebo/share/piper_gazebo/package.zsh'
[0.382s] Level 1:colcon.colcon_core.environment:create_file_with_runtime_dependencies(/home/students_steeringwheel/Steeringwheel-Workspace/ros2_ws/install/piper_gazebo/share/colcon-core/packages/piper_gazebo)
[0.383s] Level 1:colcon.colcon_core.environment:create_environment_scripts_only(piper_humble)
[0.383s] Level 1:colcon.colcon_core.environment:checking '/home/students_steeringwheel/Steeringwheel-Workspace/ros2_ws/install/piper_humble' for CMake module files
[0.384s] Level 1:colcon.colcon_core.environment:checking '/home/students_steeringwheel/Steeringwheel-Workspace/ros2_ws/install/piper_humble' for CMake config files
[0.384s] DEBUG:colcon.colcon_core.event_handler.log_command:Invoked command in '/home/students_steeringwheel/Steeringwheel-Workspace/ros2_ws/build/piper_humble' returned '0': CMAKE_PREFIX_PATH=/home/students_steeringwheel/Steeringwheel-Workspace/ros2_ws/install/g29_isaac_bridge:/opt/ros/humble PS1=(ros2_env) \[\e]0;\u@\h: \w\a\]${debian_chroot:+($debian_chroot)}\[\033[01;32m\]\u@\h\[\033[00m\]:\[\033[01;34m\]\w\[\033[00m\]\$ VIRTUAL_ENV_PROMPT=(ros2_env) /usr/bin/cmake --install /home/students_steeringwheel/Steeringwheel-Workspace/ros2_ws/build/piper_humble
[0.384s] Level 1:colcon.colcon_core.shell:create_environment_hook('piper_humble', 'cmake_prefix_path')
[0.384s] INFO:colcon.colcon_core.shell:Creating environment hook '/home/students_steeringwheel/Steeringwheel-Workspace/ros2_ws/install/piper_humble/share/piper_humble/hook/cmake_prefix_path.ps1'
[0.385s] INFO:colcon.colcon_core.shell:Creating environment descriptor '/home/students_steeringwheel/Steeringwheel-Workspace/ros2_ws/install/piper_humble/share/piper_humble/hook/cmake_prefix_path.dsv'
[0.385s] INFO:colcon.colcon_core.shell:Creating environment hook '/home/students_steeringwheel/Steeringwheel-Workspace/ros2_ws/install/piper_humble/share/piper_humble/hook/cmake_prefix_path.sh'
[0.386s] Level 1:colcon.colcon_core.environment:checking '/home/students_steeringwheel/Steeringwheel-Workspace/ros2_ws/install/piper_humble/bin'
[0.386s] Level 1:colcon.colcon_core.environment:checking '/home/students_steeringwheel/Steeringwheel-Workspace/ros2_ws/install/piper_humble/lib/pkgconfig/piper_humble.pc'
[0.386s] Level 1:colcon.colcon_core.environment:checking '/home/students_steeringwheel/Steeringwheel-Workspace/ros2_ws/install/piper_humble/lib/python3.10/site-packages'
[0.386s] Level 1:colcon.colcon_core.environment:checking '/home/students_steeringwheel/Steeringwheel-Workspace/ros2_ws/install/piper_humble/bin'
[0.386s] INFO:colcon.colcon_core.shell:Creating package script '/home/students_steeringwheel/Steeringwheel-Workspace/ros2_ws/install/piper_humble/share/piper_humble/package.ps1'
[0.386s] INFO:colcon.colcon_core.shell:Creating package descriptor '/home/students_steeringwheel/Steeringwheel-Workspace/ros2_ws/install/piper_humble/share/piper_humble/package.dsv'
[0.387s] INFO:colcon.colcon_core.shell:Creating package script '/home/students_steeringwheel/Steeringwheel-Workspace/ros2_ws/install/piper_humble/share/piper_humble/package.sh'
[0.387s] INFO:colcon.colcon_core.shell:Creating package script '/home/students_steeringwheel/Steeringwheel-Workspace/ros2_ws/install/piper_humble/share/piper_humble/package.bash'
[0.387s] INFO:colcon.colcon_core.shell:Creating package script '/home/students_steeringwheel/Steeringwheel-Workspace/ros2_ws/install/piper_humble/share/piper_humble/package.zsh'
[0.387s] Level 1:colcon.colcon_core.environment:create_file_with_runtime_dependencies(/home/students_steeringwheel/Steeringwheel-Workspace/ros2_ws/install/piper_humble/share/colcon-core/packages/piper_humble)
[0.388s] Level 1:colcon.colcon_core.environment:create_environment_scripts_only(piper_humble)
[0.388s] Level 1:colcon.colcon_core.environment:checking '/home/students_steeringwheel/Steeringwheel-Workspace/ros2_ws/install/piper_humble' for CMake module files
[0.388s] Level 1:colcon.colcon_core.environment:checking '/home/students_steeringwheel/Steeringwheel-Workspace/ros2_ws/install/piper_humble' for CMake config files
[0.388s] Level 1:colcon.colcon_core.shell:create_environment_hook('piper_humble', 'cmake_prefix_path')
[0.388s] INFO:colcon.colcon_core.shell:Creating environment hook '/home/students_steeringwheel/Steeringwheel-Workspace/ros2_ws/install/piper_humble/share/piper_humble/hook/cmake_prefix_path.ps1'
[0.388s] INFO:colcon.colcon_core.shell:Creating environment descriptor '/home/students_steeringwheel/Steeringwheel-Workspace/ros2_ws/install/piper_humble/share/piper_humble/hook/cmake_prefix_path.dsv'
[0.389s] INFO:colcon.colcon_core.shell:Creating environment hook '/home/students_steeringwheel/Steeringwheel-Workspace/ros2_ws/install/piper_humble/share/piper_humble/hook/cmake_prefix_path.sh'
[0.389s] Level 1:colcon.colcon_core.environment:checking '/home/students_steeringwheel/Steeringwheel-Workspace/ros2_ws/install/piper_humble/bin'
[0.389s] Level 1:colcon.colcon_core.environment:checking '/home/students_steeringwheel/Steeringwheel-Workspace/ros2_ws/install/piper_humble/lib/pkgconfig/piper_humble.pc'
[0.389s] Level 1:colcon.colcon_core.environment:checking '/home/students_steeringwheel/Steeringwheel-Workspace/ros2_ws/install/piper_humble/lib/python3.10/site-packages'
[0.389s] Level 1:colcon.colcon_core.environment:checking '/home/students_steeringwheel/Steeringwheel-Workspace/ros2_ws/install/piper_humble/bin'
[0.389s] INFO:colcon.colcon_core.shell:Creating package script '/home/students_steeringwheel/Steeringwheel-Workspace/ros2_ws/install/piper_humble/share/piper_humble/package.ps1'
[0.390s] INFO:colcon.colcon_core.shell:Creating package descriptor '/home/students_steeringwheel/Steeringwheel-Workspace/ros2_ws/install/piper_humble/share/piper_humble/package.dsv'
[0.390s] INFO:colcon.colcon_core.shell:Creating package script '/home/students_steeringwheel/Steeringwheel-Workspace/ros2_ws/install/piper_humble/share/piper_humble/package.sh'
[0.390s] INFO:colcon.colcon_core.shell:Creating package script '/home/students_steeringwheel/Steeringwheel-Workspace/ros2_ws/install/piper_humble/share/piper_humble/package.bash'
[0.390s] INFO:colcon.colcon_core.shell:Creating package script '/home/students_steeringwheel/Steeringwheel-Workspace/ros2_ws/install/piper_humble/share/piper_humble/package.zsh'
[0.391s] Level 1:colcon.colcon_core.environment:create_file_with_runtime_dependencies(/home/students_steeringwheel/Steeringwheel-Workspace/ros2_ws/install/piper_humble/share/colcon-core/packages/piper_humble)
[0.393s] DEBUG:colcon.colcon_core.event_handler.log_command:Invoking command in '/home/students_steeringwheel/Steeringwheel-Workspace/ros2_ws/build/piper_no_gripper_moveit': AMENT_PREFIX_PATH=/home/students_steeringwheel/Steeringwheel-Workspace/ros2_ws/install/piper_description:${AMENT_PREFIX_PATH} CMAKE_PREFIX_PATH=/home/students_steeringwheel/Steeringwheel-Workspace/ros2_ws/install/piper_description:/home/students_steeringwheel/Steeringwheel-Workspace/ros2_ws/install/g29_isaac_bridge:/opt/ros/humble PS1=(ros2_env) \[\e]0;\u@\h: \w\a\]${debian_chroot:+($debian_chroot)}\[\033[01;32m\]\u@\h\[\033[00m\]:\[\033[01;34m\]\w\[\033[00m\]\$ VIRTUAL_ENV_PROMPT=(ros2_env) /usr/bin/cmake --build /home/students_steeringwheel/Steeringwheel-Workspace/ros2_ws/build/piper_no_gripper_moveit -- -j32 -l32
[0.393s] Level 1:colcon.colcon_core.environment:create_environment_scripts_only(piper_mujoco)
[0.393s] Level 1:colcon.colcon_core.environment:checking '/home/students_steeringwheel/Steeringwheel-Workspace/ros2_ws/install/piper_mujoco' for CMake module files
[0.394s] DEBUG:colcon.colcon_core.event_handler.log_command:Invoking command in '/home/students_steeringwheel/Steeringwheel-Workspace/ros2_ws/build/piper_with_gripper_moveit': AMENT_PREFIX_PATH=/home/students_steeringwheel/Steeringwheel-Workspace/ros2_ws/install/piper_description:${AMENT_PREFIX_PATH} CMAKE_PREFIX_PATH=/home/students_steeringwheel/Steeringwheel-Workspace/ros2_ws/install/piper_description:/home/students_steeringwheel/Steeringwheel-Workspace/ros2_ws/install/g29_isaac_bridge:/opt/ros/humble PS1=(ros2_env) \[\e]0;\u@\h: \w\a\]${debian_chroot:+($debian_chroot)}\[\033[01;32m\]\u@\h\[\033[00m\]:\[\033[01;34m\]\w\[\033[00m\]\$ VIRTUAL_ENV_PROMPT=(ros2_env) /usr/bin/cmake --build /home/students_steeringwheel/Steeringwheel-Workspace/ros2_ws/build/piper_with_gripper_moveit -- -j32 -l32
[0.394s] DEBUG:colcon.colcon_core.event_handler.log_command:Invoked command in '/home/students_steeringwheel/Steeringwheel-Workspace/ros2_ws/build/piper_mujoco' returned '0': CMAKE_PREFIX_PATH=/home/students_steeringwheel/Steeringwheel-Workspace/ros2_ws/install/g29_isaac_bridge:/opt/ros/humble PS1=(ros2_env) \[\e]0;\u@\h: \w\a\]${debian_chroot:+($debian_chroot)}\[\033[01;32m\]\u@\h\[\033[00m\]:\[\033[01;34m\]\w\[\033[00m\]\$ VIRTUAL_ENV_PROMPT=(ros2_env) /usr/bin/cmake --install /home/students_steeringwheel/Steeringwheel-Workspace/ros2_ws/build/piper_mujoco
[0.394s] Level 1:colcon.colcon_core.environment:checking '/home/students_steeringwheel/Steeringwheel-Workspace/ros2_ws/install/piper_mujoco' for CMake config files
[0.394s] Level 1:colcon.colcon_core.shell:create_environment_hook('piper_mujoco', 'cmake_prefix_path')
[0.394s] INFO:colcon.colcon_core.shell:Creating environment hook '/home/students_steeringwheel/Steeringwheel-Workspace/ros2_ws/install/piper_mujoco/share/piper_mujoco/hook/cmake_prefix_path.ps1'
[0.395s] INFO:colcon.colcon_core.shell:Creating environment descriptor '/home/students_steeringwheel/Steeringwheel-Workspace/ros2_ws/install/piper_mujoco/share/piper_mujoco/hook/cmake_prefix_path.dsv'
[0.395s] INFO:colcon.colcon_core.shell:Creating environment hook '/home/students_steeringwheel/Steeringwheel-Workspace/ros2_ws/install/piper_mujoco/share/piper_mujoco/hook/cmake_prefix_path.sh'
[0.395s] Level 1:colcon.colcon_core.environment:checking '/home/students_steeringwheel/Steeringwheel-Workspace/ros2_ws/install/piper_mujoco/lib'
[0.395s] Level 1:colcon.colcon_core.environment:checking '/home/students_steeringwheel/Steeringwheel-Workspace/ros2_ws/install/piper_mujoco/bin'
[0.395s] Level 1:colcon.colcon_core.environment:checking '/home/students_steeringwheel/Steeringwheel-Workspace/ros2_ws/install/piper_mujoco/lib/pkgconfig/piper_mujoco.pc'
[0.396s] Level 1:colcon.colcon_core.environment:checking '/home/students_steeringwheel/Steeringwheel-Workspace/ros2_ws/install/piper_mujoco/lib/python3.10/site-packages'
[0.396s] Level 1:colcon.colcon_core.environment:checking '/home/students_steeringwheel/Steeringwheel-Workspace/ros2_ws/install/piper_mujoco/bin'
[0.396s] INFO:colcon.colcon_core.shell:Creating package script '/home/students_steeringwheel/Steeringwheel-Workspace/ros2_ws/install/piper_mujoco/share/piper_mujoco/package.ps1'
[0.396s] INFO:colcon.colcon_core.shell:Creating package descriptor '/home/students_steeringwheel/Steeringwheel-Workspace/ros2_ws/install/piper_mujoco/share/piper_mujoco/package.dsv'
[0.396s] INFO:colcon.colcon_core.shell:Creating package script '/home/students_steeringwheel/Steeringwheel-Workspace/ros2_ws/install/piper_mujoco/share/piper_mujoco/package.sh'
[0.397s] INFO:colcon.colcon_core.shell:Creating package script '/home/students_steeringwheel/Steeringwheel-Workspace/ros2_ws/install/piper_mujoco/share/piper_mujoco/package.bash'
[0.397s] INFO:colcon.colcon_core.shell:Creating package script '/home/students_steeringwheel/Steeringwheel-Workspace/ros2_ws/install/piper_mujoco/share/piper_mujoco/package.zsh'
[0.397s] Level 1:colcon.colcon_core.environment:create_file_with_runtime_dependencies(/home/students_steeringwheel/Steeringwheel-Workspace/ros2_ws/install/piper_mujoco/share/colcon-core/packages/piper_mujoco)
[0.397s] Level 1:colcon.colcon_core.environment:create_environment_scripts_only(piper_mujoco)
[0.398s] Level 1:colcon.colcon_core.environment:checking '/home/students_steeringwheel/Steeringwheel-Workspace/ros2_ws/install/piper_mujoco' for CMake module files
[0.398s] Level 1:colcon.colcon_core.environment:checking '/home/students_steeringwheel/Steeringwheel-Workspace/ros2_ws/install/piper_mujoco' for CMake config files
[0.398s] Level 1:colcon.colcon_core.shell:create_environment_hook('piper_mujoco', 'cmake_prefix_path')
[0.398s] INFO:colcon.colcon_core.shell:Creating environment hook '/home/students_steeringwheel/Steeringwheel-Workspace/ros2_ws/install/piper_mujoco/share/piper_mujoco/hook/cmake_prefix_path.ps1'
[0.398s] INFO:colcon.colcon_core.shell:Creating environment descriptor '/home/students_steeringwheel/Steeringwheel-Workspace/ros2_ws/install/piper_mujoco/share/piper_mujoco/hook/cmake_prefix_path.dsv'
[0.398s] INFO:colcon.colcon_core.shell:Creating environment hook '/home/students_steeringwheel/Steeringwheel-Workspace/ros2_ws/install/piper_mujoco/share/piper_mujoco/hook/cmake_prefix_path.sh'
[0.399s] Level 1:colcon.colcon_core.environment:checking '/home/students_steeringwheel/Steeringwheel-Workspace/ros2_ws/install/piper_mujoco/lib'
[0.399s] Level 1:colcon.colcon_core.environment:checking '/home/students_steeringwheel/Steeringwheel-Workspace/ros2_ws/install/piper_mujoco/bin'
[0.399s] Level 1:colcon.colcon_core.environment:checking '/home/students_steeringwheel/Steeringwheel-Workspace/ros2_ws/install/piper_mujoco/lib/pkgconfig/piper_mujoco.pc'
[0.399s] Level 1:colcon.colcon_core.environment:checking '/home/students_steeringwheel/Steeringwheel-Workspace/ros2_ws/install/piper_mujoco/lib/python3.10/site-packages'
[0.399s] Level 1:colcon.colcon_core.environment:checking '/home/students_steeringwheel/Steeringwheel-Workspace/ros2_ws/install/piper_mujoco/bin'
[0.399s] INFO:colcon.colcon_core.shell:Creating package script '/home/students_steeringwheel/Steeringwheel-Workspace/ros2_ws/install/piper_mujoco/share/piper_mujoco/package.ps1'
[0.399s] INFO:colcon.colcon_core.shell:Creating package descriptor '/home/students_steeringwheel/Steeringwheel-Workspace/ros2_ws/install/piper_mujoco/share/piper_mujoco/package.dsv'
[0.400s] INFO:colcon.colcon_core.shell:Creating package script '/home/students_steeringwheel/Steeringwheel-Workspace/ros2_ws/install/piper_mujoco/share/piper_mujoco/package.sh'
[0.400s] INFO:colcon.colcon_core.shell:Creating package script '/home/students_steeringwheel/Steeringwheel-Workspace/ros2_ws/install/piper_mujoco/share/piper_mujoco/package.bash'
[0.400s] INFO:colcon.colcon_core.shell:Creating package script '/home/students_steeringwheel/Steeringwheel-Workspace/ros2_ws/install/piper_mujoco/share/piper_mujoco/package.zsh'
[0.401s] Level 1:colcon.colcon_core.environment:create_file_with_runtime_dependencies(/home/students_steeringwheel/Steeringwheel-Workspace/ros2_ws/install/piper_mujoco/share/colcon-core/packages/piper_mujoco)
[0.403s] DEBUG:colcon.colcon_core.event_handler.log_command:Invoked command in '/home/students_steeringwheel/Steeringwheel-Workspace/ros2_ws/build/piper_no_gripper_moveit' returned '0': AMENT_PREFIX_PATH=/home/students_steeringwheel/Steeringwheel-Workspace/ros2_ws/install/piper_description:${AMENT_PREFIX_PATH} CMAKE_PREFIX_PATH=/home/students_steeringwheel/Steeringwheel-Workspace/ros2_ws/install/piper_description:/home/students_steeringwheel/Steeringwheel-Workspace/ros2_ws/install/g29_isaac_bridge:/opt/ros/humble PS1=(ros2_env) \[\e]0;\u@\h: \w\a\]${debian_chroot:+($debian_chroot)}\[\033[01;32m\]\u@\h\[\033[00m\]:\[\033[01;34m\]\w\[\033[00m\]\$ VIRTUAL_ENV_PROMPT=(ros2_env) /usr/bin/cmake --build /home/students_steeringwheel/Steeringwheel-Workspace/ros2_ws/build/piper_no_gripper_moveit -- -j32 -l32
[0.403s] DEBUG:colcon.colcon_core.event_handler.log_command:Invoking command in '/home/students_steeringwheel/Steeringwheel-Workspace/ros2_ws/build/piper_no_gripper_moveit': AMENT_PREFIX_PATH=/home/students_steeringwheel/Steeringwheel-Workspace/ros2_ws/install/piper_description:${AMENT_PREFIX_PATH} CMAKE_PREFIX_PATH=/home/students_steeringwheel/Steeringwheel-Workspace/ros2_ws/install/piper_description:/home/students_steeringwheel/Steeringwheel-Workspace/ros2_ws/install/g29_isaac_bridge:/opt/ros/humble PS1=(ros2_env) \[\e]0;\u@\h: \w\a\]${debian_chroot:+($debian_chroot)}\[\033[01;32m\]\u@\h\[\033[00m\]:\[\033[01;34m\]\w\[\033[00m\]\$ VIRTUAL_ENV_PROMPT=(ros2_env) /usr/bin/cmake --install /home/students_steeringwheel/Steeringwheel-Workspace/ros2_ws/build/piper_no_gripper_moveit
[0.404s] DEBUG:colcon.colcon_core.event_handler.log_command:Invoked command in '/home/students_steeringwheel/Steeringwheel-Workspace/ros2_ws/build/piper_with_gripper_moveit' returned '0': AMENT_PREFIX_PATH=/home/students_steeringwheel/Steeringwheel-Workspace/ros2_ws/install/piper_description:${AMENT_PREFIX_PATH} CMAKE_PREFIX_PATH=/home/students_steeringwheel/Steeringwheel-Workspace/ros2_ws/install/piper_description:/home/students_steeringwheel/Steeringwheel-Workspace/ros2_ws/install/g29_isaac_bridge:/opt/ros/humble PS1=(ros2_env) \[\e]0;\u@\h: \w\a\]${debian_chroot:+($debian_chroot)}\[\033[01;32m\]\u@\h\[\033[00m\]:\[\033[01;34m\]\w\[\033[00m\]\$ VIRTUAL_ENV_PROMPT=(ros2_env) /usr/bin/cmake --build /home/students_steeringwheel/Steeringwheel-Workspace/ros2_ws/build/piper_with_gripper_moveit -- -j32 -l32
[0.405s] DEBUG:colcon.colcon_core.event_handler.log_command:Invoking command in '/home/students_steeringwheel/Steeringwheel-Workspace/ros2_ws/build/piper_with_gripper_moveit': AMENT_PREFIX_PATH=/home/students_steeringwheel/Steeringwheel-Workspace/ros2_ws/install/piper_description:${AMENT_PREFIX_PATH} CMAKE_PREFIX_PATH=/home/students_steeringwheel/Steeringwheel-Workspace/ros2_ws/install/piper_description:/home/students_steeringwheel/Steeringwheel-Workspace/ros2_ws/install/g29_isaac_bridge:/opt/ros/humble PS1=(ros2_env) \[\e]0;\u@\h: \w\a\]${debian_chroot:+($debian_chroot)}\[\033[01;32m\]\u@\h\[\033[00m\]:\[\033[01;34m\]\w\[\033[00m\]\$ VIRTUAL_ENV_PROMPT=(ros2_env) /usr/bin/cmake --install /home/students_steeringwheel/Steeringwheel-Workspace/ros2_ws/build/piper_with_gripper_moveit
[0.408s] Level 1:colcon.colcon_core.environment:create_environment_scripts_only(piper_no_gripper_moveit)
[0.408s] Level 1:colcon.colcon_core.environment:checking '/home/students_steeringwheel/Steeringwheel-Workspace/ros2_ws/install/piper_no_gripper_moveit' for CMake module files
[0.409s] DEBUG:colcon.colcon_core.event_handler.log_command:Invoked command in '/home/students_steeringwheel/Steeringwheel-Workspace/ros2_ws/build/piper_no_gripper_moveit' returned '0': AMENT_PREFIX_PATH=/home/students_steeringwheel/Steeringwheel-Workspace/ros2_ws/install/piper_description:${AMENT_PREFIX_PATH} CMAKE_PREFIX_PATH=/home/students_steeringwheel/Steeringwheel-Workspace/ros2_ws/install/piper_description:/home/students_steeringwheel/Steeringwheel-Workspace/ros2_ws/install/g29_isaac_bridge:/opt/ros/humble PS1=(ros2_env) \[\e]0;\u@\h: \w\a\]${debian_chroot:+($debian_chroot)}\[\033[01;32m\]\u@\h\[\033[00m\]:\[\033[01;34m\]\w\[\033[00m\]\$ VIRTUAL_ENV_PROMPT=(ros2_env) /usr/bin/cmake --install /home/students_steeringwheel/Steeringwheel-Workspace/ros2_ws/build/piper_no_gripper_moveit
[0.409s] Level 1:colcon.colcon_core.environment:checking '/home/students_steeringwheel/Steeringwheel-Workspace/ros2_ws/install/piper_no_gripper_moveit' for CMake config files
[0.409s] Level 1:colcon.colcon_core.shell:create_environment_hook('piper_no_gripper_moveit', 'cmake_prefix_path')
[0.409s] INFO:colcon.colcon_core.shell:Creating environment hook '/home/students_steeringwheel/Steeringwheel-Workspace/ros2_ws/install/piper_no_gripper_moveit/share/piper_no_gripper_moveit/hook/cmake_prefix_path.ps1'
[0.409s] INFO:colcon.colcon_core.shell:Creating environment descriptor '/home/students_steeringwheel/Steeringwheel-Workspace/ros2_ws/install/piper_no_gripper_moveit/share/piper_no_gripper_moveit/hook/cmake_prefix_path.dsv'
[0.410s] INFO:colcon.colcon_core.shell:Creating environment hook '/home/students_steeringwheel/Steeringwheel-Workspace/ros2_ws/install/piper_no_gripper_moveit/share/piper_no_gripper_moveit/hook/cmake_prefix_path.sh'
[0.410s] Level 1:colcon.colcon_core.environment:checking '/home/students_steeringwheel/Steeringwheel-Workspace/ros2_ws/install/piper_no_gripper_moveit/bin'
[0.410s] Level 1:colcon.colcon_core.environment:checking '/home/students_steeringwheel/Steeringwheel-Workspace/ros2_ws/install/piper_no_gripper_moveit/lib/pkgconfig/piper_no_gripper_moveit.pc'
[0.411s] Level 1:colcon.colcon_core.environment:checking '/home/students_steeringwheel/Steeringwheel-Workspace/ros2_ws/install/piper_no_gripper_moveit/lib/python3.10/site-packages'
[0.411s] Level 1:colcon.colcon_core.environment:checking '/home/students_steeringwheel/Steeringwheel-Workspace/ros2_ws/install/piper_no_gripper_moveit/bin'
[0.411s] INFO:colcon.colcon_core.shell:Creating package script '/home/students_steeringwheel/Steeringwheel-Workspace/ros2_ws/install/piper_no_gripper_moveit/share/piper_no_gripper_moveit/package.ps1'
[0.411s] INFO:colcon.colcon_core.shell:Creating package descriptor '/home/students_steeringwheel/Steeringwheel-Workspace/ros2_ws/install/piper_no_gripper_moveit/share/piper_no_gripper_moveit/package.dsv'
[0.411s] INFO:colcon.colcon_core.shell:Creating package script '/home/students_steeringwheel/Steeringwheel-Workspace/ros2_ws/install/piper_no_gripper_moveit/share/piper_no_gripper_moveit/package.sh'
[0.412s] INFO:colcon.colcon_core.shell:Creating package script '/home/students_steeringwheel/Steeringwheel-Workspace/ros2_ws/install/piper_no_gripper_moveit/share/piper_no_gripper_moveit/package.bash'
[0.412s] INFO:colcon.colcon_core.shell:Creating package script '/home/students_steeringwheel/Steeringwheel-Workspace/ros2_ws/install/piper_no_gripper_moveit/share/piper_no_gripper_moveit/package.zsh'
[0.412s] Level 1:colcon.colcon_core.environment:create_file_with_runtime_dependencies(/home/students_steeringwheel/Steeringwheel-Workspace/ros2_ws/install/piper_no_gripper_moveit/share/colcon-core/packages/piper_no_gripper_moveit)
[0.412s] Level 1:colcon.colcon_core.environment:create_environment_scripts_only(piper_no_gripper_moveit)
[0.412s] Level 1:colcon.colcon_core.environment:checking '/home/students_steeringwheel/Steeringwheel-Workspace/ros2_ws/install/piper_no_gripper_moveit' for CMake module files
[0.413s] Level 1:colcon.colcon_core.environment:checking '/home/students_steeringwheel/Steeringwheel-Workspace/ros2_ws/install/piper_no_gripper_moveit' for CMake config files
[0.413s] Level 1:colcon.colcon_core.shell:create_environment_hook('piper_no_gripper_moveit', 'cmake_prefix_path')
[0.413s] INFO:colcon.colcon_core.shell:Creating environment hook '/home/students_steeringwheel/Steeringwheel-Workspace/ros2_ws/install/piper_no_gripper_moveit/share/piper_no_gripper_moveit/hook/cmake_prefix_path.ps1'
[0.413s] INFO:colcon.colcon_core.shell:Creating environment descriptor '/home/students_steeringwheel/Steeringwheel-Workspace/ros2_ws/install/piper_no_gripper_moveit/share/piper_no_gripper_moveit/hook/cmake_prefix_path.dsv'
[0.413s] INFO:colcon.colcon_core.shell:Creating environment hook '/home/students_steeringwheel/Steeringwheel-Workspace/ros2_ws/install/piper_no_gripper_moveit/share/piper_no_gripper_moveit/hook/cmake_prefix_path.sh'
[0.414s] Level 1:colcon.colcon_core.environment:checking '/home/students_steeringwheel/Steeringwheel-Workspace/ros2_ws/install/piper_no_gripper_moveit/bin'
[0.414s] Level 1:colcon.colcon_core.environment:checking '/home/students_steeringwheel/Steeringwheel-Workspace/ros2_ws/install/piper_no_gripper_moveit/lib/pkgconfig/piper_no_gripper_moveit.pc'
[0.414s] Level 1:colcon.colcon_core.environment:checking '/home/students_steeringwheel/Steeringwheel-Workspace/ros2_ws/install/piper_no_gripper_moveit/lib/python3.10/site-packages'
[0.414s] Level 1:colcon.colcon_core.environment:checking '/home/students_steeringwheel/Steeringwheel-Workspace/ros2_ws/install/piper_no_gripper_moveit/bin'
[0.414s] INFO:colcon.colcon_core.shell:Creating package script '/home/students_steeringwheel/Steeringwheel-Workspace/ros2_ws/install/piper_no_gripper_moveit/share/piper_no_gripper_moveit/package.ps1'
[0.415s] INFO:colcon.colcon_core.shell:Creating package descriptor '/home/students_steeringwheel/Steeringwheel-Workspace/ros2_ws/install/piper_no_gripper_moveit/share/piper_no_gripper_moveit/package.dsv'
[0.415s] INFO:colcon.colcon_core.shell:Creating package script '/home/students_steeringwheel/Steeringwheel-Workspace/ros2_ws/install/piper_no_gripper_moveit/share/piper_no_gripper_moveit/package.sh'
[0.415s] INFO:colcon.colcon_core.shell:Creating package script '/home/students_steeringwheel/Steeringwheel-Workspace/ros2_ws/install/piper_no_gripper_moveit/share/piper_no_gripper_moveit/package.bash'
[0.416s] INFO:colcon.colcon_core.shell:Creating package script '/home/students_steeringwheel/Steeringwheel-Workspace/ros2_ws/install/piper_no_gripper_moveit/share/piper_no_gripper_moveit/package.zsh'
[0.416s] Level 1:colcon.colcon_core.environment:create_file_with_runtime_dependencies(/home/students_steeringwheel/Steeringwheel-Workspace/ros2_ws/install/piper_no_gripper_moveit/share/colcon-core/packages/piper_no_gripper_moveit)
[0.416s] Level 1:colcon.colcon_core.environment:create_environment_scripts_only(piper_with_gripper_moveit)
[0.417s] Level 1:colcon.colcon_core.environment:checking '/home/students_steeringwheel/Steeringwheel-Workspace/ros2_ws/install/piper_with_gripper_moveit' for CMake module files
[0.417s] DEBUG:colcon.colcon_core.event_handler.log_command:Invoked command in '/home/students_steeringwheel/Steeringwheel-Workspace/ros2_ws/build/piper_with_gripper_moveit' returned '0': AMENT_PREFIX_PATH=/home/students_steeringwheel/Steeringwheel-Workspace/ros2_ws/install/piper_description:${AMENT_PREFIX_PATH} CMAKE_PREFIX_PATH=/home/students_steeringwheel/Steeringwheel-Workspace/ros2_ws/install/piper_description:/home/students_steeringwheel/Steeringwheel-Workspace/ros2_ws/install/g29_isaac_bridge:/opt/ros/humble PS1=(ros2_env) \[\e]0;\u@\h: \w\a\]${debian_chroot:+($debian_chroot)}\[\033[01;32m\]\u@\h\[\033[00m\]:\[\033[01;34m\]\w\[\033[00m\]\$ VIRTUAL_ENV_PROMPT=(ros2_env) /usr/bin/cmake --install /home/students_steeringwheel/Steeringwheel-Workspace/ros2_ws/build/piper_with_gripper_moveit
[0.417s] Level 1:colcon.colcon_core.environment:checking '/home/students_steeringwheel/Steeringwheel-Workspace/ros2_ws/install/piper_with_gripper_moveit' for CMake config files
[0.417s] Level 1:colcon.colcon_core.shell:create_environment_hook('piper_with_gripper_moveit', 'cmake_prefix_path')
[0.417s] INFO:colcon.colcon_core.shell:Creating environment hook '/home/students_steeringwheel/Steeringwheel-Workspace/ros2_ws/install/piper_with_gripper_moveit/share/piper_with_gripper_moveit/hook/cmake_prefix_path.ps1'
[0.417s] INFO:colcon.colcon_core.shell:Creating environment descriptor '/home/students_steeringwheel/Steeringwheel-Workspace/ros2_ws/install/piper_with_gripper_moveit/share/piper_with_gripper_moveit/hook/cmake_prefix_path.dsv'
[0.417s] INFO:colcon.colcon_core.shell:Creating environment hook '/home/students_steeringwheel/Steeringwheel-Workspace/ros2_ws/install/piper_with_gripper_moveit/share/piper_with_gripper_moveit/hook/cmake_prefix_path.sh'
[0.418s] Level 1:colcon.colcon_core.environment:checking '/home/students_steeringwheel/Steeringwheel-Workspace/ros2_ws/install/piper_with_gripper_moveit/bin'
[0.418s] Level 1:colcon.colcon_core.environment:checking '/home/students_steeringwheel/Steeringwheel-Workspace/ros2_ws/install/piper_with_gripper_moveit/lib/pkgconfig/piper_with_gripper_moveit.pc'
[0.418s] Level 1:colcon.colcon_core.environment:checking '/home/students_steeringwheel/Steeringwheel-Workspace/ros2_ws/install/piper_with_gripper_moveit/lib/python3.10/site-packages'
[0.418s] Level 1:colcon.colcon_core.environment:checking '/home/students_steeringwheel/Steeringwheel-Workspace/ros2_ws/install/piper_with_gripper_moveit/bin'
[0.418s] INFO:colcon.colcon_core.shell:Creating package script '/home/students_steeringwheel/Steeringwheel-Workspace/ros2_ws/install/piper_with_gripper_moveit/share/piper_with_gripper_moveit/package.ps1'
[0.418s] INFO:colcon.colcon_core.shell:Creating package descriptor '/home/students_steeringwheel/Steeringwheel-Workspace/ros2_ws/install/piper_with_gripper_moveit/share/piper_with_gripper_moveit/package.dsv'
[0.419s] INFO:colcon.colcon_core.shell:Creating package script '/home/students_steeringwheel/Steeringwheel-Workspace/ros2_ws/install/piper_with_gripper_moveit/share/piper_with_gripper_moveit/package.sh'
[0.419s] INFO:colcon.colcon_core.shell:Creating package script '/home/students_steeringwheel/Steeringwheel-Workspace/ros2_ws/install/piper_with_gripper_moveit/share/piper_with_gripper_moveit/package.bash'
[0.419s] INFO:colcon.colcon_core.shell:Creating package script '/home/students_steeringwheel/Steeringwheel-Workspace/ros2_ws/install/piper_with_gripper_moveit/share/piper_with_gripper_moveit/package.zsh'
[0.419s] Level 1:colcon.colcon_core.environment:create_file_with_runtime_dependencies(/home/students_steeringwheel/Steeringwheel-Workspace/ros2_ws/install/piper_with_gripper_moveit/share/colcon-core/packages/piper_with_gripper_moveit)
[0.420s] Level 1:colcon.colcon_core.environment:create_environment_scripts_only(piper_with_gripper_moveit)
[0.420s] Level 1:colcon.colcon_core.environment:checking '/home/students_steeringwheel/Steeringwheel-Workspace/ros2_ws/install/piper_with_gripper_moveit' for CMake module files
[0.420s] Level 1:colcon.colcon_core.environment:checking '/home/students_steeringwheel/Steeringwheel-Workspace/ros2_ws/install/piper_with_gripper_moveit' for CMake config files
[0.420s] Level 1:colcon.colcon_core.shell:create_environment_hook('piper_with_gripper_moveit', 'cmake_prefix_path')
[0.420s] INFO:colcon.colcon_core.shell:Creating environment hook '/home/students_steeringwheel/Steeringwheel-Workspace/ros2_ws/install/piper_with_gripper_moveit/share/piper_with_gripper_moveit/hook/cmake_prefix_path.ps1'
[0.420s] INFO:colcon.colcon_core.shell:Creating environment descriptor '/home/students_steeringwheel/Steeringwheel-Workspace/ros2_ws/install/piper_with_gripper_moveit/share/piper_with_gripper_moveit/hook/cmake_prefix_path.dsv'
[0.421s] INFO:colcon.colcon_core.shell:Creating environment hook '/home/students_steeringwheel/Steeringwheel-Workspace/ros2_ws/install/piper_with_gripper_moveit/share/piper_with_gripper_moveit/hook/cmake_prefix_path.sh'
[0.421s] Level 1:colcon.colcon_core.environment:checking '/home/students_steeringwheel/Steeringwheel-Workspace/ros2_ws/install/piper_with_gripper_moveit/bin'
[0.421s] Level 1:colcon.colcon_core.environment:checking '/home/students_steeringwheel/Steeringwheel-Workspace/ros2_ws/install/piper_with_gripper_moveit/lib/pkgconfig/piper_with_gripper_moveit.pc'
[0.421s] Level 1:colcon.colcon_core.environment:checking '/home/students_steeringwheel/Steeringwheel-Workspace/ros2_ws/install/piper_with_gripper_moveit/lib/python3.10/site-packages'
[0.421s] Level 1:colcon.colcon_core.environment:checking '/home/students_steeringwheel/Steeringwheel-Workspace/ros2_ws/install/piper_with_gripper_moveit/bin'
[0.421s] INFO:colcon.colcon_core.shell:Creating package script '/home/students_steeringwheel/Steeringwheel-Workspace/ros2_ws/install/piper_with_gripper_moveit/share/piper_with_gripper_moveit/package.ps1'
[0.422s] INFO:colcon.colcon_core.shell:Creating package descriptor '/home/students_steeringwheel/Steeringwheel-Workspace/ros2_ws/install/piper_with_gripper_moveit/share/piper_with_gripper_moveit/package.dsv'
[0.422s] INFO:colcon.colcon_core.shell:Creating package script '/home/students_steeringwheel/Steeringwheel-Workspace/ros2_ws/install/piper_with_gripper_moveit/share/piper_with_gripper_moveit/package.sh'
[0.422s] INFO:colcon.colcon_core.shell:Creating package script '/home/students_steeringwheel/Steeringwheel-Workspace/ros2_ws/install/piper_with_gripper_moveit/share/piper_with_gripper_moveit/package.bash'
[0.423s] INFO:colcon.colcon_core.shell:Creating package script '/home/students_steeringwheel/Steeringwheel-Workspace/ros2_ws/install/piper_with_gripper_moveit/share/piper_with_gripper_moveit/package.zsh'
[0.423s] Level 1:colcon.colcon_core.environment:create_file_with_runtime_dependencies(/home/students_steeringwheel/Steeringwheel-Workspace/ros2_ws/install/piper_with_gripper_moveit/share/colcon-core/packages/piper_with_gripper_moveit)
[0.478s] DEBUG:colcon.colcon_core.event_handler.log_command:Invoking command in '/home/students_steeringwheel/Steeringwheel-Workspace/ros2_ws/src/g29_isaac_bridge': PS1=(ros2_env) \[\e]0;\u@\h: \w\a\]${debian_chroot:+($debian_chroot)}\[\033[01;32m\]\u@\h\[\033[00m\]:\[\033[01;34m\]\w\[\033[00m\]\$ PYTHONPATH=/home/students_steeringwheel/Steeringwheel-Workspace/ros2_ws/build/g29_isaac_bridge/prefix_override:/home/students_steeringwheel/ros2_env/lib/python3.10/site-packages/colcon_core/task/python/colcon_distutils_commands:/home/students_steeringwheel/Steeringwheel-Workspace/ros2_ws/install/g29_isaac_bridge/lib/python3.10/site-packages:${PYTHONPATH} VIRTUAL_ENV_PROMPT=(ros2_env) /home/students_steeringwheel/ros2_env/bin/python3.10 -W ignore:setup.py install is deprecated -W ignore:easy_install command is deprecated setup.py egg_info --egg-base ../../build/g29_isaac_bridge build --build-base /home/students_steeringwheel/Steeringwheel-Workspace/ros2_ws/build/g29_isaac_bridge/build install --record /home/students_steeringwheel/Steeringwheel-Workspace/ros2_ws/build/g29_isaac_bridge/install.log --single-version-externally-managed
[0.478s] DEBUG:colcon.colcon_core.event_handler.log_command:Invoking command in '/home/students_steeringwheel/Steeringwheel-Workspace/ros2_ws/src/piper_ros/src/piper': PS1=(ros2_env) \[\e]0;\u@\h: \w\a\]${debian_chroot:+($debian_chroot)}\[\033[01;32m\]\u@\h\[\033[00m\]:\[\033[01;34m\]\w\[\033[00m\]\$ PYTHONPATH=/home/students_steeringwheel/Steeringwheel-Workspace/ros2_ws/build/piper/prefix_override:/home/students_steeringwheel/ros2_env/lib/python3.10/site-packages/colcon_core/task/python/colcon_distutils_commands:/home/students_steeringwheel/Steeringwheel-Workspace/ros2_ws/install/piper/lib/python3.10/site-packages:${PYTHONPATH} VIRTUAL_ENV_PROMPT=(ros2_env) /home/students_steeringwheel/ros2_env/bin/python3.10 -W ignore:setup.py install is deprecated -W ignore:easy_install command is deprecated setup.py egg_info --egg-base ../../../../build/piper build --build-base /home/students_steeringwheel/Steeringwheel-Workspace/ros2_ws/build/piper/build install --record /home/students_steeringwheel/Steeringwheel-Workspace/ros2_ws/build/piper/install.log --single-version-externally-managed install_data
[0.552s] DEBUG:colcon.colcon_core.event_handler.log_command:Invoked command in '/home/students_steeringwheel/Steeringwheel-Workspace/ros2_ws/build/piper_msgs' returned '1': CMAKE_PREFIX_PATH=/home/students_steeringwheel/Steeringwheel-Workspace/ros2_ws/install/g29_isaac_bridge:/opt/ros/humble PS1=(ros2_env) \[\e]0;\u@\h: \w\a\]${debian_chroot:+($debian_chroot)}\[\033[01;32m\]\u@\h\[\033[00m\]:\[\033[01;34m\]\w\[\033[00m\]\$ VIRTUAL_ENV_PROMPT=(ros2_env) /usr/bin/cmake /home/students_steeringwheel/Steeringwheel-Workspace/ros2_ws/src/piper_ros/src/piper_msgs -DCMAKE_INSTALL_PREFIX=/home/students_steeringwheel/Steeringwheel-Workspace/ros2_ws/install/piper_msgs
[0.556s] Level 1:colcon.colcon_core.environment:create_environment_scripts_only(piper_msgs)
[0.557s] Level 1:colcon.colcon_core.environment:checking '/home/students_steeringwheel/Steeringwheel-Workspace/ros2_ws/install/piper_msgs' for CMake module files
[0.557s] Level 1:colcon.colcon_core.environment:checking '/home/students_steeringwheel/Steeringwheel-Workspace/ros2_ws/install/piper_msgs' for CMake config files
[0.557s] Level 1:colcon.colcon_core.environment:checking '/home/students_steeringwheel/Steeringwheel-Workspace/ros2_ws/install/piper_msgs/bin'
[0.557s] Level 1:colcon.colcon_core.environment:checking '/home/students_steeringwheel/Steeringwheel-Workspace/ros2_ws/install/piper_msgs/lib/pkgconfig/piper_msgs.pc'
[0.557s] Level 1:colcon.colcon_core.environment:checking '/home/students_steeringwheel/Steeringwheel-Workspace/ros2_ws/install/piper_msgs/lib/python3.10/site-packages'
[0.557s] Level 1:colcon.colcon_core.environment:checking '/home/students_steeringwheel/Steeringwheel-Workspace/ros2_ws/install/piper_msgs/bin'
[0.558s] INFO:colcon.colcon_core.shell:Creating package script '/home/students_steeringwheel/Steeringwheel-Workspace/ros2_ws/install/piper_msgs/share/piper_msgs/package.ps1'
[0.558s] INFO:colcon.colcon_core.shell:Creating package descriptor '/home/students_steeringwheel/Steeringwheel-Workspace/ros2_ws/install/piper_msgs/share/piper_msgs/package.dsv'
[0.558s] INFO:colcon.colcon_core.shell:Creating package script '/home/students_steeringwheel/Steeringwheel-Workspace/ros2_ws/install/piper_msgs/share/piper_msgs/package.sh'
[0.558s] INFO:colcon.colcon_core.shell:Creating package script '/home/students_steeringwheel/Steeringwheel-Workspace/ros2_ws/install/piper_msgs/share/piper_msgs/package.bash'
[0.559s] INFO:colcon.colcon_core.shell:Creating package script '/home/students_steeringwheel/Steeringwheel-Workspace/ros2_ws/install/piper_msgs/share/piper_msgs/package.zsh'
[0.559s] Level 1:colcon.colcon_core.environment:create_file_with_runtime_dependencies(/home/students_steeringwheel/Steeringwheel-Workspace/ros2_ws/install/piper_msgs/share/colcon-core/packages/piper_msgs)
[0.595s] DEBUG:colcon.colcon_parallel_executor.executor.parallel:closing loop
[0.595s] DEBUG:colcon.colcon_parallel_executor.executor.parallel:loop closed
[0.595s] DEBUG:colcon.colcon_parallel_executor.executor.parallel:run_until_complete finished with '1'
[0.595s] DEBUG:colcon.colcon_core.event_reactor:joining thread
[0.596s] INFO:colcon.colcon_core.plugin_system:Skipping extension 'colcon_notification.desktop_notification.notify2': 'notify2' not found
[0.596s] INFO:colcon.colcon_core.plugin_system:Skipping extension 'colcon_notification.desktop_notification.terminal_notifier': Not used on non-Darwin systems
[0.596s] INFO:colcon.colcon_core.plugin_system:Skipping extension 'colcon_notification.desktop_notification.win32': Not used on non-Windows systems
[0.596s] INFO:colcon.colcon_notification.desktop_notification:Sending desktop notification using 'notify_send'
[0.602s] DEBUG:colcon.colcon_core.event_reactor:joined thread
[0.603s] INFO:colcon.colcon_core.shell:Creating prefix script '/home/students_steeringwheel/Steeringwheel-Workspace/ros2_ws/install/local_setup.ps1'
[0.603s] INFO:colcon.colcon_core.shell:Creating prefix util module '/home/students_steeringwheel/Steeringwheel-Workspace/ros2_ws/install/_local_setup_util_ps1.py'
[0.604s] INFO:colcon.colcon_core.shell:Creating prefix chain script '/home/students_steeringwheel/Steeringwheel-Workspace/ros2_ws/install/setup.ps1'
[0.605s] INFO:colcon.colcon_core.shell:Creating prefix script '/home/students_steeringwheel/Steeringwheel-Workspace/ros2_ws/install/local_setup.sh'
[0.605s] INFO:colcon.colcon_core.shell:Creating prefix util module '/home/students_steeringwheel/Steeringwheel-Workspace/ros2_ws/install/_local_setup_util_sh.py'
[0.606s] INFO:colcon.colcon_core.shell:Creating prefix chain script '/home/students_steeringwheel/Steeringwheel-Workspace/ros2_ws/install/setup.sh'
[0.606s] INFO:colcon.colcon_core.shell:Creating prefix script '/home/students_steeringwheel/Steeringwheel-Workspace/ros2_ws/install/local_setup.bash'
[0.607s] INFO:colcon.colcon_core.shell:Creating prefix chain script '/home/students_steeringwheel/Steeringwheel-Workspace/ros2_ws/install/setup.bash'
[0.607s] INFO:colcon.colcon_core.shell:Creating prefix script '/home/students_steeringwheel/Steeringwheel-Workspace/ros2_ws/install/local_setup.zsh'
[0.607s] INFO:colcon.colcon_core.shell:Creating prefix chain script '/home/students_steeringwheel/Steeringwheel-Workspace/ros2_ws/install/setup.zsh'
